region,regioncode,district,districtcode,ward,wardcode,street,places
ARUSHA,23,ARUSHA CBD,231,SEKEI,23101,SANAWARI,
ARUSHA,23,ARUSHA CBD,231,SEKEI,23101,NAUREI,
ARUSHA,23,ARUSHA CBD,231,SEKEI,23101,MTAA WA AICC,
ARUSHA,23,ARUSHA CBD,231,SEKEI,23101,MTAA WA MAHAKAMANI,
ARUSHA,23,ARUSHA CBD,231,SEKEI,23101,NAURA,
ARUSHA,23,ARUSHA CBD,231,SEKEI,23101,GOLIONDOI,
ARUSHA,23,ARUSHA CBD,231,KATI,23102,BONDENI,
ARUSHA,23,ARUSHA CBD,231,KATI,23102,PANGANI,
ARUSHA,23,ARUSHA CBD,231,KALOLENI,23103,KALOLENI MAGHARIBI,
ARUSHA,23,ARUSHA CBD,231,KALOLENI,23103,MITA 200,
ARUSHA,23,ARUSHA CBD,231,KALOLENI,23103,KALOLENI MASHARIKI,
ARUSHA,23,ARUSHA CBD,231,LEVOLOSI,23104,MTAA WA LEVOLOSI,
ARUSHA,23,ARUSHA CBD,231,LEVOLOSI,23104,MAJENGO,
ARUSHA,23,ARUSHA CBD,231,NGARENARO,23105,KAMBI YA FISI,
ARUSHA,23,ARUSHA CBD,231,NGARENARO,23105,DARAJANI,
ARUSHA,23,ARUSHA CBD,231,NGARENARO,23105,NHC,
ARUSHA,23,ARUSHA CBD,231,NGARENARO,23105,TCA,
ARUSHA,23,ARUSHA CBD,231,NGARENARO,23105,MITA 200,
ARUSHA,23,ARUSHA CBD,231,ELERAI,23106,KWARE,
ARUSHA,23,ARUSHA CBD,231,ELERAI,23106,BURKA,
ARUSHA,23,ARUSHA CBD,231,ELERAI,23106,AZIMIO,
ARUSHA,23,ARUSHA CBD,231,ELERAI,23106,SHAMSI,
ARUSHA,23,ARUSHA CBD,231,ELERAI,23106,SAMANGA,
ARUSHA,23,ARUSHA CBD,231,ELERAI,23106,SACON,
ARUSHA,23,ARUSHA CBD,231,ELERAI,23106,REMTULA,
ARUSHA,23,ARUSHA CBD,231,ELERAI,23106,MAMA MUSA,
ARUSHA,23,ARUSHA CBD,231,ELERAI,23106,NGURUMO,
ARUSHA,23,ARUSHA CBD,231,ELERAI,23106,URUNDINI,
ARUSHA,23,ARUSHA CBD,231,ELERAI,23106,SHUMA,
ARUSHA,23,ARUSHA CBD,231,ELERAI,23106,MAJENGO “A”,
ARUSHA,23,ARUSHA CBD,231,ELERAI,23106,MAJENGO “B”,
ARUSHA,23,ARUSHA CBD,231,UNGA LIMITED,23107,ESSO,
ARUSHA,23,ARUSHA CBD,231,UNGA LIMITED,23107,VIWANDANI,
ARUSHA,23,ARUSHA CBD,231,UNGA LIMITED,23107,MAKABURI YA BANIANI,
ARUSHA,23,ARUSHA CBD,231,UNGA LIMITED,23107,TINDIGA,
ARUSHA,23,ARUSHA CBD,231,UNGA LIMITED,23107,DARAJANI,
ARUSHA,23,ARUSHA CBD,231,UNGA LIMITED,23107,OSTERBAY,
ARUSHA,23,ARUSHA CBD,231,DARAJA II,23108,JAMHURI,
ARUSHA,23,ARUSHA CBD,231,DARAJA II,23108,ALINYANYA,
ARUSHA,23,ARUSHA CBD,231,DARAJA II,23108,SANARE,
ARUSHA,23,ARUSHA CBD,231,DARAJA II,23108,NDARVOI,
ARUSHA,23,ARUSHA CBD,231,DARAJA II,23108,DARAJANI,
ARUSHA,23,ARUSHA CBD,231,DARAJA II,23108,KATI,
ARUSHA,23,ARUSHA CBD,231,THEMI,23109,THEMI MASHARIKI,
ARUSHA,23,ARUSHA CBD,231,THEMI,23109,OLD POLICE,
ARUSHA,23,ARUSHA CBD,231,THEMI,23109,CORRIDOR AREA,
ARUSHA,23,ARUSHA CBD,231,THEMI,23109,AICC FLATS,
ARUSHA,23,ARUSHA CBD,231,THEMI,23109,KAMBARAGE,
ARUSHA,23,ARUSHA CBD,231,KIMANDOLU,23110,KITIANGARE,
ARUSHA,23,ARUSHA CBD,231,KIMANDOLU,23110,TINDIGANI,
ARUSHA,23,ARUSHA CBD,231,KIMANDOLU,23110,KIJENGE KASKAZINI,
ARUSHA,23,ARUSHA CBD,231,KIMANDOLU,23110,KIJENGE KUSINI,
ARUSHA,23,ARUSHA CBD,231,OLORIENI,23111,SUYE,
ARUSHA,23,ARUSHA CBD,231,OLORIENI,23111,MEIRIOTI,
ARUSHA,23,ARUSHA CBD,231,OLORIENI,23111,MWANAMA,
ARUSHA,23,ARUSHA CBD,231,OLORIENI,23111,MBESHERE,
ARUSHA,23,ARUSHA CBD,231,OLORIENI,23111,MOIVOI,
ARUSHA,23,ARUSHA CBD,231,OLORIENI,23111,RC,
ARUSHA,23,ARUSHA CBD,231,BARAA,23112,KWA MREFU,
ARUSHA,23,ARUSHA CBD,231,BARAA,23112,SORENYI,
ARUSHA,23,ARUSHA CBD,231,BARAA,23112,KIROSHI,
ARUSHA,23,ARUSHA CBD,231,BARAA,23112,OFISINI,
ARUSHA,23,ARUSHA CBD,231,BARAA,23112,KAMBI YA CHUPA,
ARUSHA,23,ARUSHA CBD,231,BARAA,23112,MFEREJINI,
ARUSHA,23,ARUSHA CBD,231,BARAA,23112,SIARA,
ARUSHA,23,ARUSHA CBD,231,BARAA,23112,ELKIROUWA,
ARUSHA,23,ARUSHA CBD,231,LEMARA,23113,ILKIROUWA,
ARUSHA,23,ARUSHA CBD,231,LEMARA,23113,OLEPHOLOS,
ARUSHA,23,ARUSHA CBD,231,LEMARA,23113,KORONGONI,
ARUSHA,23,ARUSHA CBD,231,LEMARA,23113,KIKWAKWARU ‘A’,
ARUSHA,23,ARUSHA CBD,231,LEMARA,23113,KIKWAKWARU‘B’,
ARUSHA,23,ARUSHA CBD,231,LEMARA,23113,LEMARA KATI,
ARUSHA,23,ARUSHA CBD,231,LEMARA,23113,SUNFLAG,
ARUSHA,23,ARUSHA CBD,231,ENGUTOTO,23114,BLOCK C1,
ARUSHA,23,ARUSHA CBD,231,ENGUTOTO,23114,BLOCK C2,
ARUSHA,23,ARUSHA CBD,231,ENGUTOTO,23114,BLOCK D,
ARUSHA,23,ARUSHA CBD,231,ENGUTOTO,23114,BLOCK F,
ARUSHA,23,ARUSHA CBD,231,ENGUTOTO,23114,BLOCK H,
ARUSHA,23,ARUSHA CBD,231,ENGUTOTO,23114,BLOCK J,
ARUSHA,23,ARUSHA CBD,231,SOKON 1,23115,LOLOVONO,
ARUSHA,23,ARUSHA CBD,231,SOKON 2,23115,LONGDONG,
ARUSHA,23,ARUSHA CBD,231,SOKON 3,23115,MURRIET,
ARUSHA,23,ARUSHA CBD,231,SOKON 4,23115,KANISANI,
ARUSHA,23,ARUSHA CBD,231,SOKON 5,23115,SAINEVUNO,
ARUSHA,23,ARUSHA CBD,231,SOKON 6,23115,MADUKANI,
ARUSHA,23,ARUSHA CBD,231,SOMBETINI,23116,SIMANJIRO,
ARUSHA,23,ARUSHA CBD,231,SOMBETINI,23116,BANDA MBILI,
ARUSHA,23,ARUSHA CBD,231,SOMBETINI,23116,KIRIKA ‘A’,
ARUSHA,23,ARUSHA CBD,231,SOMBETINI,23116,OLAMURRAKI,
ARUSHA,23,ARUSHA CBD,231,TERRAT,23117,LAITAYOK,
ARUSHA,23,ARUSHA CBD,231,TERRAT,23117,IMITONG'WA,
ARUSHA,23,ARUSHA CBD,231,TERRAT,23117,MASKIRIA,
ARUSHA,23,ARUSHA CBD,231,TERRAT,23117,BONDENI KATI,
ARUSHA,23,ARUSHA CBD,231,TERRAT,23117,OLEPOLOSI,
ARUSHA,23,ARUSHA CBD,231,TERRAT,23117,ERANGAU,
ARUSHA,23,ARUSHA CBD,231,TERRAT,23117,OLKUNGU,
ARUSHA,23,ARUSHA CBD,231,TERRAT,23117,ENGAVUNET,
ARUSHA,23,ARUSHA CBD,231,MOSHONO,23118,NANJA,
ARUSHA,23,ARUSHA CBD,231,MOSHONO,23118,MOSHONO KATI,
ARUSHA,23,ARUSHA CBD,231,MOSHONO,23118,ENGOSOWASH,
ARUSHA,23,ARUSHA CBD,231,MOSHONO,23118,T.PACKERS,
ARUSHA,23,ARUSHA CBD,231,MOSHONO,23118,OLKEREYAN KATI,
ARUSHA,23,ARUSHA CBD,231,MOSHONO,23118,LAIZER,
ARUSHA,23,ARUSHA CBD,231,MOSHONO,23118,LOSIRWAYLAIZER,
ARUSHA,23,ARUSHA CBD,231,MOSHONO,23118,MTONI,
ARUSHA,23,ARUSHA CBD,231,MOSHONO,23118,KALIMAJI,
ARUSHA,23,ARUSHA CBD,231,OLASITI,23119,KIMINDOROSI,
ARUSHA,23,ARUSHA CBD,231,OLASITI,23119,OLASITI CENTRE,
ARUSHA,23,ARUSHA CBD,231,OLASITI,23119,OLORESHO,
ARUSHA,23,ARUSHA CBD,231,OLASITI,23119,OLKEREYAN,
ARUSHA,23,ARUSHA CBD,231,OLASITI,23119,BURKA,
ARUSHA,23,ARUSHA CBD,231,OLASITI,23119,OLTEVES,
ARUSHA,23,ARUSHA CBD,231,MOIVARO,23120,EDANYOEMASI,
ARUSHA,23,ARUSHA CBD,231,MOIVARO,23120,MOIVARO KATI,
ARUSHA,23,ARUSHA CBD,231,MOIVARO,23120,SHANGARAO,
ARUSHA,23,ARUSHA CBD,231,MOIVARO,23120,NGURUMAUS,
ARUSHA,23,ARUSHA CBD,231,MOIVARO,23120,SEKEI,
ARUSHA,23,ARUSHA CBD,231,MOIVARO,23120,MOSHONO KASKAZINI,
ARUSHA,23,ARUSHA CBD,231,SINONI,23121,MAKAO MAPYA,
ARUSHA,23,ARUSHA CBD,231,SINONI,23121,OLEVOLOS,
ARUSHA,23,ARUSHA CBD,231,SINONI,23121,OLOMOKEYA,
ARUSHA,23,ARUSHA CBD,231,SINONI,23121,OLJANVUTIAN,
ARUSHA,23,ARUSHA CBD,231,SINONI,23121,MLIMANI,
ARUSHA,23,ARUSHA CBD,231,SINONI,23121,MIGUNGANI,
ARUSHA,23,ARUSHA CBD,231,SINONI,23121,ENGOSENGIU,
ARUSHA,23,ARUSHA CBD,231,MURIET,23122,BONDENI,
ARUSHA,23,ARUSHA CBD,231,MURIET,23122,KATI,
ARUSHA,23,ARUSHA CBD,231,MURIET,23122,MASHARIKI,
ARUSHA,23,ARUSHA CBD,231,MURIET,23122,MURIETI,
ARUSHA,23,ARUSHA CBD,231,MURIET,23122,MLIMANI,
ARUSHA,23,ARUSHA CBD,231,MURIET,23122,MSASANI,
ARUSHA,23,ARUSHA CBD,231,MURIET,23122,FFU,
ARUSHA,23,ARUSHA CBD,231,MURIET,23122,ELUANYI,
ARUSHA,23,ARUSHA CBD,231,MURIET,23122,NADOSOITO KUSINI,
ARUSHA,23,ARUSHA CBD,231,MURIET,23122,NGORIENITO,
ARUSHA,23,ARUSHA CBD,231,MURIET,23122,OLDONYOKUMUR,
ARUSHA,23,ARUSHA CBD,231,MURIET,23122,EMBARARWAI,
ARUSHA,23,ARUSHA CBD,231,MURIET,23122,KATI,
ARUSHA,23,ARUSHA CBD,231,OSUNYAI JR,23123,OSUNYAI,
ARUSHA,23,ARUSHA CBD,231,OSUNYAI JR,23123,NGUSERO,
ARUSHA,23,ARUSHA CBD,231,OSUNYAI JR,23123,KIRIKA 'B',
ARUSHA,23,ARUSHA CBD,231,OSUNYAI JR,23123,JR,
ARUSHA,23,ARUSHA CBD,231,SAKINA,23124,OLMATEJOO “A”,
ARUSHA,23,ARUSHA CBD,231,SAKINA,23124,NAVARANA,
ARUSHA,23,ARUSHA CBD,231,SAKINA,23124,GIRIKI,
ARUSHA,23,ARUSHA CBD,231,SAKINA,23124,OLMATEJO “B”,
ARUSHA,23,ARUSHA CBD,231,SAKINA,23124,MAIRIVA,
ARUSHA,23,ARUSHA CBD,231,SAKINA,23124,SAKINA,
ARUSHA,23,ARUSHA CBD,231,SAKINA,23124,MELAMARI,
ARUSHA,23,ARUSHA CBD,231,OLMOTI,23125,OLMOTI,
ARUSHA,23,ARUSHA CBD,231,OLMOTI,23125,NGARAMTONI YA CHINI,
ARUSHA,23,ARUSHA CBD,231,OLMOTI,23125,MLIMANI,
ARUSHA,23,ARUSHA CBD,231,OLMOTI,23125,MIRONGOINE,
ARUSHA,23,ARUSHA CBD,231,OLMOTI,23125,NAFCO,
ARUSHA,23,ARUSHA,232,OLTURUMET,23201,NAFCO,EKENYWA
ARUSHA,23,ARUSHA,232,OLTURUMET,23201,NAFCO,SEURI
ARUSHA,23,ARUSHA,232,OLTURUMET,23201,NAFCO,ILKUISHINI
ARUSHA,23,ARUSHA,232,MWANDET,23202,IMBIBIA,SUGUMEN
ARUSHA,23,ARUSHA,232,MWANDET,23202,IMBIBIA,MUKULAT
ARUSHA,23,ARUSHA,232,MWANDET,23202,IMBIBIA,IMBIBIAKATI
ARUSHA,23,ARUSHA,232,MWANDET,23202,LOSIKITO,LEMBOLEI
ARUSHA,23,ARUSHA,232,MWANDET,23202,LOSIKITO,LEMBASHISHI
ARUSHA,23,ARUSHA,232,MWANDET,23202,LOSIKITO,OLOMISHIRA
ARUSHA,23,ARUSHA,232,MWANDET,23202,LOSIKITO,LOSIRWA
ARUSHA,23,ARUSHA,232,MWANDET,23202,ENGALAONI,BOMBANI
ARUSHA,23,ARUSHA,232,MWANDET,23202,ENGALAONI,LEWAWA
ARUSHA,23,ARUSHA,232,MWANDET,23202,ENGALAONI,ORMUKUNA
ARUSHA,23,ARUSHA,232,MWANDET,23202,ENGURTOTO,MBUKARA
ARUSHA,23,ARUSHA,232,MWANDET,23202,ENGURTOTO,OLORIKOTI
ARUSHA,23,ARUSHA,232,MWANDET,23202,ENGURTOTO,SHULENI
ARUSHA,23,ARUSHA,232,MWANDET,23202,ENGURTOTO,ENGANALET
ARUSHA,23,ARUSHA,232,OLKOKOLA,23203,OLKEJULENDERIT,KANDA SIKIRIET
ARUSHA,23,ARUSHA,232,OLKOKOLA,23203,OLKEJULENDERIT,OLBAMBA
ARUSHA,23,ARUSHA,232,OLKOKOLA,23203,OLKEJULENDERIT,OLKEJULENDERIT
ARUSHA,23,ARUSHA,232,OLKOKOLA,23203,ILKUROT,NGALUMA
ARUSHA,23,ARUSHA,232,OLKOKOLA,23203,ILKUROT,SARUNGA
ARUSHA,23,ARUSHA,232,OLKOKOLA,23203,LENGIJAVE,OLOLUA
ARUSHA,23,ARUSHA,232,OLKOKOLA,23203,LENGIJAVE,OLBAK
ARUSHA,23,ARUSHA,232,OLKOKOLA,23203,LENGIJAVE,ILTULELE
ARUSHA,23,ARUSHA,232,OLKOKOLA,23203,LENGIJAVE,KIBORI
ARUSHA,23,ARUSHA,232,OLDONYOSAMBU,23204,OLDONYOSAMBU,MADUKANI
ARUSHA,23,ARUSHA,232,OLDONYOSAMBU,23204,OLDONYOSAMBU,OLDONYO- SAMBU
ARUSHA,23,ARUSHA,232,OLDONYOSAMBU,23204,OLDONYOSAMBU,MARURANI
ARUSHA,23,ARUSHA,232,OLDONYOSAMBU,23204,LEMONG'O,LEMONG'O JUU
ARUSHA,23,ARUSHA,232,OLDONYOSAMBU,23204,LEMONG'O,NGIVILAT
ARUSHA,23,ARUSHA,232,OLDONYOSAMBU,23204,LEMONG'O,LEMUNGE
ARUSHA,23,ARUSHA,232,OLDONYOSAMBU,23204,LEMANDA,LEMANDA
ARUSHA,23,ARUSHA,232,OLDONYOSAMBU,23204,LEMANDA,ZAHANATI
ARUSHA,23,ARUSHA,232,OLDONYOSAMBU,23204,LEMANDA,ENJOCK
ARUSHA,23,ARUSHA,232,MUSA,23205,OLOITUSHULA,LOOLASHO
ARUSHA,23,ARUSHA,232,MUSA,23205,OLOITUSHULA,LOOLOVON
ARUSHA,23,ARUSHA,232,MUSA,23205,OLOITUSHULA,MASHARIKI
ARUSHA,23,ARUSHA,232,MUSA,23205,NENGUNG'U,OLKILORITI
ARUSHA,23,ARUSHA,232,MUSA,23205,NENGUNG'U,NGORIENITO
ARUSHA,23,ARUSHA,232,MUSA,23205,OLCHOROVUS,ENJORO ONDARE
ARUSHA,23,ARUSHA,232,MUSA,23205,OLCHOROVUS,EMANYATA
ARUSHA,23,ARUSHA,232,MUSA,23205,OLCHOROVUS,ENGUSERO
ARUSHA,23,ARUSHA,232,MUSA,23205,LIKAMBA,OLOMISHIRA
ARUSHA,23,ARUSHA,232,MUSA,23205,LIKAMBA,OLOVONI
ARUSHA,23,ARUSHA,232,MUSA,23205,LIKAMBA,LIKAMBA
ARUSHA,23,ARUSHA,232,MUSA,23205,LIKAMBA,EUNOTO
ARUSHA,23,ARUSHA,232,MUSA,23205,LIKAMBA,ENGUVURURANA
ARUSHA,23,ARUSHA,232,KISONGO,23206,ENGORORA,ENGORORA KATI
ARUSHA,23,ARUSHA,232,KISONGO,23206,ENGORORA,LOSINONI
ARUSHA,23,ARUSHA,232,KISONGO,23206,ENGORORA,EMATASYA
ARUSHA,23,ARUSHA,232,KISONGO,23206,ILKERIN,ILKERIN JUU
ARUSHA,23,ARUSHA,232,KISONGO,23206,ILKERIN,PARSELIAN
ARUSHA,23,ARUSHA,232,KISONGO,23206,ILKERIN,NAROMURU
ARUSHA,23,ARUSHA,232,KISONGO,23206,LESIRAA,LOSINGIRA
ARUSHA,23,ARUSHA,232,KISONGO,23206,LESIRAA,BWAWANI
ARUSHA,23,ARUSHA,232,KISONGO,23206,LESIRAA,LESIRAA
ARUSHA,23,ARUSHA,232,KISONGO,23206,LESIRAA,MTEELELU
ARUSHA,23,ARUSHA,232,KISONGO,23206,LOVILUKUNY,LOVILUKUNY
ARUSHA,23,ARUSHA,232,KISONGO,23206,LOVILUKUNY,LOONGULULU
ARUSHA,23,ARUSHA,232,BANGATA,23207,BANGATA,OLEVOLOS
ARUSHA,23,ARUSHA,232,BANGATA,23207,BANGATA,MEERENY
ARUSHA,23,ARUSHA,232,BANGATA,23207,BANGATA,ENGIKARET
ARUSHA,23,ARUSHA,232,BANGATA,23207,MIDAWE,NRUKENY
ARUSHA,23,ARUSHA,232,BANGATA,23207,MIDAWE,MANGOLA
ARUSHA,23,ARUSHA,232,BANGATA,23207,SASI,SANGANANU
ARUSHA,23,ARUSHA,232,BANGATA,23207,SASI,NKOASEI
ARUSHA,23,ARUSHA,232,BANGATA,23207,SASI,NKOANICHE
ARUSHA,23,ARUSHA,232,SOKON II,23208,SOKON II,SIMANJIRO
ARUSHA,23,ARUSHA,232,SOKON II,23208,SOKON II,NAMBERE
ARUSHA,23,ARUSHA,232,SOKON II,23208,SOKON II,NGOILENYA
ARUSHA,23,ARUSHA,232,SOKON II,23208,SOKON II,ILKILORIT
ARUSHA,23,ARUSHA,232,SOKON II,23208,SOKON II,LONGIDARE
ARUSHA,23,ARUSHA,232,SOKON II,23208,OLDADAI,KIJAVE
ARUSHA,23,ARUSHA,232,SOKON II,23208,OLDADAI,KIVESI
ARUSHA,23,ARUSHA,232,SOKON II,23208,OLDADAI,ACHI
ARUSHA,23,ARUSHA,232,SOKON II,23208,OLDADAI,MISHORORI
ARUSHA,23,ARUSHA,232,SOKON II,23208,NGIRES,KIUTU
ARUSHA,23,ARUSHA,232,SOKON II,23208,NGIRES,SOYEN
ARUSHA,23,ARUSHA,232,SOKON II,23208,NGIRES,OLTUROTO
ARUSHA,23,ARUSHA,232,SOKON II,23208,NGIRES,OLEVOLOS
ARUSHA,23,ARUSHA,232,SOKON II,23208,NGIRES,NGOIKAA
ARUSHA,23,ARUSHA,232,SOKON II,23208,NGIRES,KIMELOK
ARUSHA,23,ARUSHA,232,KIRANYI,23209,NGIRES,KIRANYI
ARUSHA,23,ARUSHA,232,KIRANYI,23209,NGIRES,SIWANDETI
ARUSHA,23,ARUSHA,232,KIRANYI,23209,NGIRES,ILKIUREI
ARUSHA,23,ARUSHA,232,KIRANYI,23209,NGIRES,NAMAYANA
ARUSHA,23,ARUSHA,232,OLORIEN,23210,NGIRES,OLORIEN
ARUSHA,23,ARUSHA,232,OLORIEN,23210,NGIRES,OLOSIVA
ARUSHA,23,ARUSHA,232,OLORIEN,23210,NGIRES,MRINGA
ARUSHA,23,ARUSHA,232,ILKIDING'A,23211,ILKIDING'A,MULA
ARUSHA,23,ARUSHA,232,ILKIDING'A,23211,ILKIDING'A,LOBULU
ARUSHA,23,ARUSHA,232,ILKIDING'A,23211,ILKIDING'A,NDIKALA
ARUSHA,23,ARUSHA,232,ILKIDING'A,23211,ILKIDING'A,LAIZER
ARUSHA,23,ARUSHA,232,ILKIDING'A,23211,OLOIGERUNO,OLOIGERUNO
ARUSHA,23,ARUSHA,232,ILKIDING'A,23211,OLOIGERUNO,NARESHO
ARUSHA,23,ARUSHA,232,ILKIDING'A,23211,OLOIGERUNO,OLTULELE
ARUSHA,23,ARUSHA,232,ILKIDING'A,23211,OLOIGERUNO,OLDONYO
ARUSHA,23,ARUSHA,232,ILKIDING'A,23211,ILKISONGO,ILMELILI
ARUSHA,23,ARUSHA,232,ILKIDING'A,23211,ILKISONGO,ILKISONGO CHINI
ARUSHA,23,ARUSHA,232,ILKIDING'A,23211,ILKISONGO,ILKISONGO JUU
ARUSHA,23,ARUSHA,232,SAMBASHA,23212,SAMBASHA,HUDUMA
ARUSHA,23,ARUSHA,232,SAMBASHA,23212,SAMBASHA,ILPARAKWO
ARUSHA,23,ARUSHA,232,SAMBASHA,23212,SAMBASHA,MPAKANI
ARUSHA,23,ARUSHA,232,SAMBASHA,23212,SHIMBORO,LTINGIDI
ARUSHA,23,ARUSHA,232,SAMBASHA,23212,SHIMBORO,MADUKANI
ARUSHA,23,ARUSHA,232,SAMBASHA,23212,SHIMBORO,MUTERIAN
ARUSHA,23,ARUSHA,232,SAMBASHA,23212,SHIMBORO,MEDUTI
ARUSHA,23,ARUSHA,232,SAMBASHA,23212,TIMBOLO,OMELILI
ARUSHA,23,ARUSHA,232,SAMBASHA,23212,TIMBOLO,MASANGA
ARUSHA,23,ARUSHA,232,SAMBASHA,23212,TIMBOLO,MIUNGA
ARUSHA,23,ARUSHA,232,SAMBASHA,23212,TIMBOLO,NAROKI
ARUSHA,23,ARUSHA,232,KIMNYAKI,23213,OLMRINGARINGA,SAIBOKU
ARUSHA,23,ARUSHA,232,KIMNYAKI,23213,OLMRINGARINGA,SHULE
ARUSHA,23,ARUSHA,232,KIMNYAKI,23213,OLMRINGARINGA,JOSHO
ARUSHA,23,ARUSHA,232,KIMNYAKI,23213,OLMRINGARINGA,MELEMBUKI
ARUSHA,23,ARUSHA,232,KIMNYAKI,23213,OLOVOLOS,MAENDELEO
ARUSHA,23,ARUSHA,232,KIMNYAKI,23213,OLOVOLOS,WATAALAM
ARUSHA,23,ARUSHA,232,KIMNYAKI,23213,OLOVOLOS,VITENDO
ARUSHA,23,ARUSHA,232,KIMNYAKI,23213,OLOVOLOS,JUHUDI
ARUSHA,23,ARUSHA,232,KIMNYAKI,23213,KIMNYAKI,MITARONI
ARUSHA,23,ARUSHA,232,KIMNYAKI,23213,KIMNYAKI,LEKAKO
ARUSHA,23,ARUSHA,232,KIMNYAKI,23213,KIMNYAKI,LOINEPUNYE
ARUSHA,23,ARUSHA,232,KIMNYAKI,23213,KIMNYAKI,WAVII
ARUSHA,23,ARUSHA,232,OLMOTONYI,23214,KIMNYAKI,NGARAMTONI
ARUSHA,23,ARUSHA,232,OLMOTONYI,23214,KIMNYAKI,OLMOTONYI
ARUSHA,23,ARUSHA,232,OLMOTONYI,23214,KIMNYAKI,EMAOI
ARUSHA,23,ARUSHA,232,OLJORO,23215,MIRONGOINE,BONDENI
ARUSHA,23,ARUSHA,232,OLJORO,23215,MIRONGOINE,KIGONGONI
ARUSHA,23,ARUSHA,232,OLJORO,23215,MIRONGOINE,KUMBAKUMBA
ARUSHA,23,ARUSHA,232,OLJORO,23215,OLJORO,UJAMAA
ARUSHA,23,ARUSHA,232,OLJORO,23215,OLJORO,OLMOTONY
ARUSHA,23,ARUSHA,232,OLJORO,23215,OLJORO,KIKEDOKINI
ARUSHA,23,ARUSHA,232,OLJORO,23215,MBUYUNI,ENDEVES
ARUSHA,23,ARUSHA,232,OLJORO,23215,MBUYUNI,ILMITONG'WA
ARUSHA,23,ARUSHA,232,OLJORO,23215,MBUYUNI,MBUYUNI
ARUSHA,23,ARUSHA,232,OLJORO,23215,MBUYUNI,ENJIKAKA
ARUSHA,23,ARUSHA,232,OLTUROTO,23216,KIVULUL,OLOIGERO
ARUSHA,23,ARUSHA,232,OLTUROTO,23216,KIVULUL,OLMARET
ARUSHA,23,ARUSHA,232,OLTUROTO,23216,KIVULUL,OLMATEJO
ARUSHA,23,ARUSHA,232,OLTUROTO,23216,OLDONYOSAPUK,ILMADU
ARUSHA,23,ARUSHA,232,OLTUROTO,23216,OLDONYOSAPUK,OLDONYO
ARUSHA,23,ARUSHA,232,OLTUROTO,23216,OLDONYOSAPUK,MAGWA
ARUSHA,23,ARUSHA,232,OLTUROTO,23216,OLDONYOSAPUK,KARANTINI
ARUSHA,23,ARUSHA,232,OLTUROTO,23216,OLDONYOSAPUK,SHULENI
ARUSHA,23,ARUSHA,232,OLTUROTO,23216,ILKIREVI,OLTUROTO
ARUSHA,23,ARUSHA,232,OLTUROTO,23216,ILKIREVI,OLOIROWA
ARUSHA,23,ARUSHA,232,OLTUROTO,23216,ILKIREVI,LESHABARI
ARUSHA,23,ARUSHA,232,OLTUROTO,23216,OSUNYAI,EKENYWA
ARUSHA,23,ARUSHA,232,OLTUROTO,23216,OSUNYAI,OLDONYONO
ARUSHA,23,ARUSHA,232,OLTUROTO,23216,OSUNYAI,OSUNYAI
ARUSHA,23,ARUSHA,232,MOIVO,23217,OSUNYAI,MOIVO
ARUSHA,23,ARUSHA,232,MOIVO,23217,OSUNYAI,OLTULELEI
ARUSHA,23,ARUSHA,232,MOIVO,23217,OSUNYAI,OLORESHO
ARUSHA,23,ARUSHA,232,MOIVO,23217,OSUNYAI,SAMA
ARUSHA,23,ARUSHA,232,MOIVO,23217,OSUNYAI,ILKOLOLORIT
ARUSHA,23,ARUSHA,232,MLANGARINI,23218,MLANGARINI,MAJENGO
ARUSHA,23,ARUSHA,232,MLANGARINI,23218,MLANGARINI,MLANGARINI KATI
ARUSHA,23,ARUSHA,232,MLANGARINI,23218,MLANGARINI,BONDENI
ARUSHA,23,ARUSHA,232,MLANGARINI,23218,KISERIAN,LOSILWAY
ARUSHA,23,ARUSHA,232,MLANGARINI,23218,KISERIAN,LOONGIVA
ARUSHA,23,ARUSHA,232,MLANGARINI,23218,KISERIAN,KESERIAN
ARUSHA,23,ARUSHA,232,MLANGARINI,23218,KISERIAN,MBUNI
ARUSHA,23,ARUSHA,232,MLANGARINI,23218,KISERIAN,LESOIT
ARUSHA,23,ARUSHA,232,MLANGARINI,23218,KISERIAN,MUUNGANO
ARUSHA,23,ARUSHA,232,MLANGARINI,23218,KISERIAN,MLIMANI
ARUSHA,23,ARUSHA,232,MLANGARINI,23218,KISERIAN,OLMARAROI
ARUSHA,23,ARUSHA,232,MLANGARINI,23218,KISERIAN,OLODERIT
ARUSHA,23,ARUSHA,232,MLANGARINI,23218,MANYIRE,UPENDO
ARUSHA,23,ARUSHA,232,MLANGARINI,23218,MANYIRE,MAJENGO
ARUSHA,23,ARUSHA,232,MLANGARINI,23218,MANYIRE,MAKAO MAPYA
ARUSHA,23,ARUSHA,232,MLANGARINI,23218,MANYIRE,OLMESERA
ARUSHA,23,ARUSHA,232,NDURUMA,23219,NDURUMA,OLODENDERIT
ARUSHA,23,ARUSHA,232,NDURUMA,23219,NDURUMA,MAROROI
ARUSHA,23,ARUSHA,232,NDURUMA,23219,NDURUMA,NDURUMA KATI
ARUSHA,23,ARUSHA,232,NDURUMA,23219,NDURUMA,NDURUMA MADUKANI
ARUSHA,23,ARUSHA,232,NDURUMA,23219,SAMARIA,UNGUUNI
ARUSHA,23,ARUSHA,232,NDURUMA,23219,SAMARIA,USANDAWENI
ARUSHA,23,ARUSHA,232,NDURUMA,23219,SAMARIA,KICHANGANI
ARUSHA,23,ARUSHA,232,NDURUMA,23219,SAMARIA,SAMARIA
ARUSHA,23,ARUSHA,232,NDURUMA,23219,MARURANI,JAMAIKA
ARUSHA,23,ARUSHA,232,NDURUMA,23219,MARURANI,MURURANI HUDUMA
ARUSHA,23,ARUSHA,232,NDURUMA,23219,MARURANI,MARURANI KATI
ARUSHA,23,ARUSHA,232,NDURUMA,23219,MARURANI,MSHIKAMANO
ARUSHA,23,ARUSHA,232,NDURUMA,23219,MARURANI,UMOJA
ARUSHA,23,ARUSHA,232,NDURUMA,23219,MAJI MOTO,ZAIRE
ARUSHA,23,ARUSHA,232,NDURUMA,23219,MAJI MOTO,MSUMBIJI
ARUSHA,23,ARUSHA,232,NDURUMA,23219,MAJI MOTO,KITONGOJINI
ARUSHA,23,ARUSHA,232,BWAWANI,23220,BWAWANI,KAZAMOYO
ARUSHA,23,ARUSHA,232,BWAWANI,23220,BWAWANI,BWAWANI
ARUSHA,23,ARUSHA,232,BWAWANI,23220,BWAWANI,OLMAVINU
ARUSHA,23,ARUSHA,232,BWAWANI,23220,BWAWANI,MWANDETI
ARUSHA,23,ARUSHA,232,BWAWANI,23220,BWAWANI,LAMOLOK
ARUSHA,23,ARUSHA,232,BWAWANI,23220,BWAWANI,MAJENGO
ARUSHA,23,ARUSHA,232,BWAWANI,23220,THEMI YA SIMBA,NYAMAGANA
ARUSHA,23,ARUSHA,232,BWAWANI,23220,THEMI YA SIMBA,SONGAMBELE
ARUSHA,23,ARUSHA,232,BWAWANI,23220,THEMI YA SIMBA,LEMEDEYE
ARUSHA,23,ARUSHA,232,BWAWANI,23220,MUNGUSHI,KIBAONI
ARUSHA,23,ARUSHA,232,BWAWANI,23220,MUNGUSHI,BURKA
ARUSHA,23,ARUSHA,232,BWAWANI,23220,MUNGUSHI,MUNGUSHI
ARUSHA,23,ARUSHA,232,BWAWANI,23220,MUNGUSHI,GALILAYA
ARUSHA,23,ARUSHA,232,BWAWANI,23220,KIGONGONI,DARAJANI
ARUSHA,23,ARUSHA,232,BWAWANI,23220,KIGONGONI,MASAINI
ARUSHA,23,ARUSHA,232,MATEVES,23221,NGORBOB,KAMBI YA MAZIWA
ARUSHA,23,ARUSHA,232,MATEVES,23221,NGORBOB,SOVOYO
ARUSHA,23,ARUSHA,232,MATEVES,23221,NGORBOB,EMATASIA
ARUSHA,23,ARUSHA,232,MATEVES,23221,NGORBOB,ORNGIOSWA
ARUSHA,23,ARUSHA,232,MATEVES,23221,NGORBOB,OLKARIA
ARUSHA,23,ARUSHA,232,MATEVES,23221,LEMUGUR,NGULUVANI
ARUSHA,23,ARUSHA,232,MATEVES,23221,LEMUGUR,ENGIKARET
ARUSHA,23,ARUSHA,232,MATEVES,23221,LEMUGUR,SAROVO
ARUSHA,23,ARUSHA,232,LEMANYATA,23222,LEMANYATA,RC MISSION
ARUSHA,23,ARUSHA,232,LEMANYATA,23222,LEMANYATA,LEMANYATA
ARUSHA,23,ARUSHA,232,LEMANYATA,23222,LEMANYATA,OLMOTONY
ARUSHA,23,ARUSHA,232,LEMANYATA,23222,OLKOKOLA,OLAMA
ARUSHA,23,ARUSHA,232,LEMANYATA,23222,OLKOKOLA,ENGORIKA
ARUSHA,23,ARUSHA,232,LEMANYATA,23222,OLKOKOLA,SANDO
ARUSHA,23,ARUSHA,232,LEMANYATA,23222,OLKOKOLA,STESHENI
ARUSHA,23,ARUSHA,232,LEMANYATA,23222,LENJANI,LENJANI
ARUSHA,23,ARUSHA,232,LEMANYATA,23222,LENJANI,MATIMU
ARUSHA,23,ARUSHA,232,OLDONYOWASS,23223,OLDONYOWASS,SURA
ARUSHA,23,ARUSHA,232,OLDONYOWASS,23223,OLDONYOWASS,OLDONYOWASS
ARUSHA,23,ARUSHA,232,OLDONYOWASS,23223,OLDONYOWASS,MAREU
ARUSHA,23,ARUSHA,232,OLDONYOWASS,23223,OLDONYOWASS,SOKONI
ARUSHA,23,ARUSHA,232,OLDONYOWASS,23223,LOSINONI,PATURUMANI
ARUSHA,23,ARUSHA,232,OLDONYOWASS,23223,LOSINONI,ENGEDEKO
ARUSHA,23,ARUSHA,232,OLDONYOWASS,23223,LOSINONI,LESAKARTATA
ARUSHA,23,ARUSHA,232,OLDONYOWASS,23223,ENGUTUKOIT,ENGUTUKOIT
ARUSHA,23,ARUSHA,232,OLDONYOWASS,23223,ENGUTUKOIT,ESIRALE
ARUSHA,23,ARUSHA,232,OLDONYOWASS,23223,ENGUTUKOIT,MADEBE
ARUSHA,23,ARUSHA,232,OLDONYOWASS,23223,ENGUTUKOIT,KAANANI
ARUSHA,23,ARUSHA,232,OLDONYOWASS,23223,LOSINONI JUU,LOSINONI JUU
ARUSHA,23,ARUSHA,232,OLDONYOWASS,23223,LOSINONI JUU,NAMEROK
ARUSHA,23,ARUSHA,232,LAROI,23224,LAROI,MLIMAN FARM
ARUSHA,23,ARUSHA,232,LAROI,23224,LAROI,NAMBA  10
ARUSHA,23,ARUSHA,232,LAROI,23224,LAROI,LAROI
ARUSHA,23,ARUSHA,232,LAROI,23224,ENJORO,ENJORO
ARUSHA,23,ARUSHA,232,LAROI,23224,ENJORO,NAMBA 2 NA 3
ARUSHA,23,ARUSHA,232,LAROI,23224,KISIMA CHA MUNGU,NAMBA 13
ARUSHA,23,ARUSHA,232,LAROI,23224,KISIMA CHA MUNGU,BWAWANI
ARUSHA,23,ARUSHA,232,KIUTU,23225,SEKEI,MENYEMBERE
ARUSHA,23,ARUSHA,232,KIUTU,23225,SEKEI,MBAAVAI
ARUSHA,23,ARUSHA,232,KIUTU,23225,SEKEI,MENG'ORIKI
ARUSHA,23,ARUSHA,232,KIUTU,23225,SEKEI,JORDAN
ARUSHA,23,ARUSHA,232,KIUTU,23225,SEKEI,KIVESI
ARUSHA,23,ARUSHA,232,KIUTU,23225,NAUREI,SOKON BARAZANI
ARUSHA,23,ARUSHA,232,KIUTU,23225,NAUREI,OSYAITI
ARUSHA,23,ARUSHA,232,KIUTU,23225,NAUREI,EMAYANA
ARUSHA,23,ARUSHA,232,KIUTU,23225,ENGORIKA,EMBALAKAI
ARUSHA,23,ARUSHA,232,KIUTU,23225,ENGORIKA,RIKOYAN
ARUSHA,23,ARUSHA,232,KIUTU,23225,ENGORIKA,MURUVE
ARUSHA,23,ARUSHA,232,KIUTU,23225,ENGORIKA,KAILAS
ARUSHA,23,ARUSHA,232,KIUTU,23225,OLGILAI,KIMELOK
ARUSHA,23,ARUSHA,232,KIUTU,23225,OLGILAI,LAIZER
ARUSHA,23,ARUSHA,232,KIUTU,23225,OLGILAI,KIVESI
ARUSHA,23,ARUSHA,232,TARAKWA,23226,OLGILAI,TARAKWA
ARUSHA,23,ARUSHA,232,TARAKWA,23226,OLGILAI,SAITABAU
ARUSHA,23,ARUSHA,232,ILBORU,23227,OLGILAI,OLTULELEI
ARUSHA,23,ARUSHA,232,ILBORU,23227,OLGILAI,MERETU
ARUSHA,23,ARUMERU,233,USA RIVER,23301,OLGILAI,NGARESERO
ARUSHA,23,ARUMERU,233,USA RIVER,23301,OLGILAI,MJI MWEMA
ARUSHA,23,ARUMERU,233,USA RIVER,23301,OLGILAI,USA MADUKANI
ARUSHA,23,ARUMERU,233,USA RIVER,23301,OLGILAI,KWA KISAMBARE
ARUSHA,23,ARUMERU,233,USA RIVER,23301,OLGILAI,MAGADIRISHO
ARUSHA,23,ARUMERU,233,USA RIVER,23301,OLGILAI,MLIMA SIYONI
ARUSHA,23,ARUMERU,233,USA RIVER,23301,OLGILAI,MAGADINI
ARUSHA,23,ARUMERU,233,USA RIVER,23301,OLGILAI,MANYATA KATI
ARUSHA,23,ARUMERU,233,USA RIVER,23301,OLGILAI,NGANANA
ARUSHA,23,ARUMERU,233,MAJI YA CHAI,23302,NGURDOTO,BONDENI
ARUSHA,23,ARUMERU,233,MAJI YA CHAI,23302,NGURDOTO,MSESEVENI
ARUSHA,23,ARUMERU,233,MAJI YA CHAI,23302,NGURDOTO,MBURIASHI
ARUSHA,23,ARUMERU,233,MAJI YA CHAI,23302,NGURDOTO,MSAMANENI
ARUSHA,23,ARUMERU,233,MAJI YA CHAI,23302,NGURDOTO,KATI
ARUSHA,23,ARUMERU,233,MAJI YA CHAI,23302,KITEFU,MASAALENI
ARUSHA,23,ARUMERU,233,MAJI YA CHAI,23302,KITEFU,TANESCO
ARUSHA,23,ARUMERU,233,MAJI YA CHAI,23302,KITEFU,MKUUNY
ARUSHA,23,ARUMERU,233,MAJI YA CHAI,23302,KITEFU,KIMANDAFU
ARUSHA,23,ARUMERU,233,MAJI YA CHAI,23302,KITEFU,BONDENI
ARUSHA,23,ARUMERU,233,MAJI YA CHAI,23302,MAJI YA CHAI,K/CENTRE
ARUSHA,23,ARUMERU,233,MAJI YA CHAI,23302,MAJI YA CHAI,KIMANDAFU
ARUSHA,23,ARUMERU,233,MAJI YA CHAI,23302,MAJI YA CHAI,MAJI YA CHAI KATI
ARUSHA,23,ARUMERU,233,MAJI YA CHAI,23302,LERAI,NGORIKA
ARUSHA,23,ARUMERU,233,MAJI YA CHAI,23302,LERAI,MAGADINI
ARUSHA,23,ARUMERU,233,MAJI YA CHAI,23302,LERAI,LERAI KATI
ARUSHA,23,ARUMERU,233,MAJI YA CHAI,23302,NGONGONGARE,
ARUSHA,23,ARUMERU,233,NKOARANGA,23303,NSHUPU,MLONDO
ARUSHA,23,ARUMERU,233,NKOARANGA,23303,NSHUPU,NSHUPU ASILI
ARUSHA,23,ARUMERU,233,NKOARANGA,23303,NSHUPU,KIRIMA
ARUSHA,23,ARUMERU,233,NKOARANGA,23303,NKOARANGA,TELEMBO
ARUSHA,23,ARUMERU,233,NKOARANGA,23303,NKOARANGA,"KOMBO ""A"""
ARUSHA,23,ARUMERU,233,NKOARANGA,23303,NKOARANGA,"KOMBO ""B"""
ARUSHA,23,ARUMERU,233,NKOARANGA,23303,NKOARANGA,NGORIKA
ARUSHA,23,ARUMERU,233,NKOARANGA,23303,NGYANI,MARIKANDA
ARUSHA,23,ARUMERU,233,NKOARANGA,23303,NGYANI,SAUNYI
ARUSHA,23,ARUMERU,233,NKOARANGA,23303,NGYANI,NKOASAKIRI
ARUSHA,23,ARUMERU,233,NKOARANGA,23303,NGYANI,MAWENI
ARUSHA,23,ARUMERU,233,NKOARANGA,23303,NGYANI,TEEMA
ARUSHA,23,ARUMERU,233,POLI,23304,NDATU,NKURA
ARUSHA,23,ARUMERU,233,POLI,23304,NDATU,MULA
ARUSHA,23,ARUMERU,233,POLI,23304,NDATU,KILALANIC
ARUSHA,23,ARUMERU,233,POLI,23304,NJORO,NTUWE
ARUSHA,23,ARUMERU,233,POLI,23304,NJORO,NJORO
ARUSHA,23,ARUMERU,233,POLI,23304,POLI,RUMALE
ARUSHA,23,ARUMERU,233,POLI,23304,POLI,KERESHU
ARUSHA,23,ARUMERU,233,POLI,23304,POLI,POLI KATI
ARUSHA,23,ARUMERU,233,SEELA SING'ISI,23305,SING'ISI,NSTONI
ARUSHA,23,ARUMERU,233,SEELA SING'ISI,23305,SING'ISI,MAVINUNI
ARUSHA,23,ARUMERU,233,SEELA SING'ISI,23305,SING'ISI,MARINGA
ARUSHA,23,ARUMERU,233,SEELA SING'ISI,23305,SING'ISI,KYARAA
ARUSHA,23,ARUMERU,233,SEELA SING'ISI,23305,SING'ISI,NKOAFIRI
ARUSHA,23,ARUMERU,233,SEELA SING'ISI,23305,MALALA,CHEMCHEM
ARUSHA,23,ARUMERU,233,SEELA SING'ISI,23305,MALALA,MADIIRA
ARUSHA,23,ARUMERU,233,SEELA SING'ISI,23305,MALALA,SOWETO
ARUSHA,23,ARUMERU,233,SEELA SING'ISI,23305,SEELA,NANDERE
ARUSHA,23,ARUMERU,233,SEELA SING'ISI,23305,SEELA,SEELA KATI
ARUSHA,23,ARUMERU,233,SEELA SING'ISI,23305,SEELA,KIBENU
ARUSHA,23,ARUMERU,233,AKHERI,23306,PATANDI,DULUTI
ARUSHA,23,ARUMERU,233,AKHERI,23306,PATANDI,PATANDI
ARUSHA,23,ARUMERU,233,AKHERI,23306,PATANDI,TENGERU
ARUSHA,23,ARUMERU,233,AKHERI,23306,PATANDI,MAVINUNI
ARUSHA,23,ARUMERU,233,AKHERI,23306,NGURUMA,NGURUMA KATI
ARUSHA,23,ARUMERU,233,AKHERI,23306,NGURUMA,MURAIWENI
ARUSHA,23,ARUMERU,233,AKHERI,23306,NGURUMA,MANYIRE
ARUSHA,23,ARUMERU,233,AKHERI,23306,NGURUMA,MAKSORU
ARUSHA,23,ARUMERU,233,AKHERI,23306,AKHERI,MARINGA
ARUSHA,23,ARUMERU,233,AKHERI,23306,AKHERI,NKOAMALAY
ARUSHA,23,ARUMERU,233,AKHERI,23306,AKHERI,IFURINY
ARUSHA,23,ARUMERU,233,NKOARISAMBU,23307,MFULONY,MFULONY
ARUSHA,23,ARUMERU,233,NKOARISAMBU,23307,MFULONY,ULUU
ARUSHA,23,ARUMERU,233,NKOARISAMBU,23307,MFULONY,NKOANDOUA
ARUSHA,23,ARUMERU,233,NKOARISAMBU,23307,MFULONY,NKOANANYA
ARUSHA,23,ARUMERU,233,NKOARISAMBU,23307,KIMUNDO,KIMUNDO
ARUSHA,23,ARUMERU,233,NKOARISAMBU,23307,KIMUNDO,DAMU
ARUSHA,23,ARUMERU,233,NKOARISAMBU,23307,KIMUNDO,SHIMBUMBU
ARUSHA,23,ARUMERU,233,NKOARISAMBU,23307,KIMUNDO,NKOAYAALO
ARUSHA,23,ARUMERU,233,NKOARISAMBU,23307,NKOARISAMBU,NKOARISAMBU
ARUSHA,23,ARUMERU,233,NKOARISAMBU,23307,NKOARISAMBU,NDOOMBO KATI
ARUSHA,23,ARUMERU,233,NKOARISAMBU,23307,NKOARISAMBU,NDOOMBO MLIMANI
ARUSHA,23,ARUMERU,233,NKOANRUA,23308,NKOANRUA,NKOARUA KATI
ARUSHA,23,ARUMERU,233,NKOANRUA,23308,NKOANRUA,KARIVA KIMUNYA
ARUSHA,23,ARUMERU,233,NKOANRUA,23308,NKOANRUA,MURAI WENY
ARUSHA,23,ARUMERU,233,NKOANRUA,23308,NKOANRUA,NKOAMBIAA
ARUSHA,23,ARUMERU,233,NKOANRUA,23308,NKOANRUA,SHASHONY
ARUSHA,23,ARUMERU,233,NKOANRUA,23308,LOITA NKOAMALA,LOITA
ARUSHA,23,ARUMERU,233,NKOANRUA,23308,LOITA NKOAMALA,NKOAMAALA
ARUSHA,23,ARUMERU,233,NKOANRUA,23308,KIPANDE NKOAVELE,KIPANDE
ARUSHA,23,ARUMERU,233,NKOANRUA,23308,KIPANDE NKOAVELE,NKOAVELE
ARUSHA,23,ARUMERU,233,SONGORO,23309,SONGORO,KYUTA
ARUSHA,23,ARUMERU,233,SONGORO,23309,SONGORO,SHARA
ARUSHA,23,ARUMERU,233,SONGORO,23309,SONGORO,NKOASAKUYA
ARUSHA,23,ARUMERU,233,SONGORO,23309,SONGORO,NKWERARI
ARUSHA,23,ARUMERU,233,SONGORO,23309,SURA,MANGUVA
ARUSHA,23,ARUMERU,233,SONGORO,23309,SURA,NSHING'A
ARUSHA,23,ARUMERU,233,SONGORO,23309,SURA,NKOAROUA
ARUSHA,23,ARUMERU,233,SONGORO,23309,SURA,MBOLELE
ARUSHA,23,ARUMERU,233,SONGORO,23309,SURA,KYARETO
ARUSHA,23,ARUMERU,233,SONGORO,23309,USHILI,USHILI
ARUSHA,23,ARUMERU,233,SONGORO,23309,USHILI,KYARETO
ARUSHA,23,ARUMERU,233,SONGORO,23309,USHILI,UROLWATALA
ARUSHA,23,ARUMERU,233,SONGORO,23309,URISHO,KOMBO
ARUSHA,23,ARUMERU,233,SONGORO,23309,URISHO,URISHOANDA
ARUSHA,23,ARUMERU,233,SONGORO,23309,URISHO,KYARETO
ARUSHA,23,ARUMERU,233,SONGORO,23309,URISHO,ULUBORU
ARUSHA,23,ARUMERU,233,SONGORO,23309,URISHO,MBOLELE
ARUSHA,23,ARUMERU,233,SONGORO,23309,MULALA,KYUTA
ARUSHA,23,ARUMERU,233,SONGORO,23309,MULALA,NKOATILA
ARUSHA,23,ARUMERU,233,SONGORO,23309,MULALA,METO
ARUSHA,23,ARUMERU,233,SONGORO,23309,MULALA,NKOANASARI
ARUSHA,23,ARUMERU,233,SONGORO,23309,KILINGA,BONDENI
ARUSHA,23,ARUMERU,233,SONGORO,23309,KILINGA,MWASENY
ARUSHA,23,ARUMERU,233,SONGORO,23309,KILINGA,KISIWANI
ARUSHA,23,ARUMERU,233,SONGORO,23309,KILINGA,KIMANDOLU
ARUSHA,23,ARUMERU,233,NGARENANYUKI,23310,OLKUNG'WADO,LENDOIYA
ARUSHA,23,ARUMERU,233,NGARENANYUKI,23310,OLKUNG'WADO,KWA LOCK
ARUSHA,23,ARUMERU,233,NGARENANYUKI,23310,OLKUNG'WADO,ILKRUMUN
ARUSHA,23,ARUMERU,233,NGARENANYUKI,23310,OLKUNG'WADO,OLKUNGWA'DO
ARUSHA,23,ARUMERU,233,NGARENANYUKI,23310,OLKUNG'WADO,KIREENY
ARUSHA,23,ARUMERU,233,NGARENANYUKI,23310,OLKUNG'WADO,MWEKEY
ARUSHA,23,ARUMERU,233,NGARENANYUKI,23310,ILKRUMUN,OLDINGA
ARUSHA,23,ARUMERU,233,NGARENANYUKI,23310,ILKRUMUN,ESLALEY
ARUSHA,23,ARUMERU,233,NGARENANYUKI,23310,UWIRO,
ARUSHA,23,ARUMERU,233,NGARENANYUKI,23310,NGABOBO,
ARUSHA,23,ARUMERU,233,NGARENANYUKI,23310,KISIMIRI CHINI,
ARUSHA,23,ARUMERU,233,NGARENANYUKI,23310,KISIMIRI  JUU,
ARUSHA,23,ARUMERU,233,KIKWE,23311,KIKWE,MALALA
ARUSHA,23,ARUMERU,233,KIKWE,23311,KIKWE,HUDUMA
ARUSHA,23,ARUMERU,233,KIKWE,23311,KIKWE,LUWAINI
ARUSHA,23,ARUMERU,233,KIKWE,23311,NAMBALA,MALALA
ARUSHA,23,ARUMERU,233,KIKWE,23311,NAMBALA,NGANANA
ARUSHA,23,ARUMERU,233,KIKWE,23311,NAMBALA,NJORO
ARUSHA,23,ARUMERU,233,KIKWE,23311,MAWENI,MBOGA
ARUSHA,23,ARUMERU,233,KIKWE,23311,MAWENI,POSTA
ARUSHA,23,ARUMERU,233,KIKWE,23311,MAWENI,MAZIWA
ARUSHA,23,ARUMERU,233,KIKWE,23311,KARANGAI,MIEMBENI
ARUSHA,23,ARUMERU,233,KIKWE,23311,KARANGAI,BONDENI
ARUSHA,23,ARUMERU,233,KIKWE,23311,KARANGAI,MTONI
ARUSHA,23,ARUMERU,233,KIKWE,23311,KARANGAI,NRUMANGENY
ARUSHA,23,ARUMERU,233,MBUGUNI,23312,MBUGUNI,MADUKANI
ARUSHA,23,ARUMERU,233,MBUGUNI,23312,MBUGUNI,KAMBI YA TANGA KATI
ARUSHA,23,ARUMERU,233,MBUGUNI,23312,MBUGUNI,DIPU
ARUSHA,23,ARUMERU,233,MBUGUNI,23312,MBUGUNI,KAMBI YA TANGA CHINI
ARUSHA,23,ARUMERU,233,MBUGUNI,23312,MBUGUNI,ROMAN CATHORIC
ARUSHA,23,ARUMERU,233,MBUGUNI,23312,MIKUNGANI,SHULENI
ARUSHA,23,ARUMERU,233,MBUGUNI,23312,MIKUNGANI,KANISANI
ARUSHA,23,ARUMERU,233,MBUGUNI,23312,MIKUNGANI,MTONI
ARUSHA,23,ARUMERU,233,MBUGUNI,23312,MIKUNGANI,MSIKITINI
ARUSHA,23,ARUMERU,233,MBUGUNI,23312,MIKUNGANI,KOMOLO
ARUSHA,23,ARUMERU,233,MBUGUNI,23312,KIKULETWA,MSUFINI
ARUSHA,23,ARUMERU,233,MBUGUNI,23312,KIKULETWA,MNAZI MMOJA
ARUSHA,23,ARUMERU,233,MBUGUNI,23312,KIKULETWA,MANYATA
ARUSHA,23,ARUMERU,233,MBUGUNI,23312,KIKULETWA,KIGONGONI
ARUSHA,23,ARUMERU,233,MBUGUNI,23312,KIKULETWA,KATI
ARUSHA,23,ARUMERU,233,MBUGUNI,23312,MSITU WA MBOGO,
ARUSHA,23,ARUMERU,233,MAKIBA,23313,VALESKA,HUDUMA
ARUSHA,23,ARUMERU,233,MAKIBA,23313,VALESKA,"MWAMKO""A"""
ARUSHA,23,ARUMERU,233,MAKIBA,23313,VALESKA,SONGAMBELE
ARUSHA,23,ARUMERU,233,MAKIBA,23313,VALESKA,MAENDELEO
ARUSHA,23,ARUMERU,233,MAKIBA,23313,VALESKA,MWAMKO B
ARUSHA,23,ARUMERU,233,MAKIBA,23313,MAKIBA,MABATINI
ARUSHA,23,ARUMERU,233,MAKIBA,23313,MAKIBA,KORONA
ARUSHA,23,ARUMERU,233,MAKIBA,23313,MAKIBA,MTONI
ARUSHA,23,ARUMERU,233,MAKIBA,23313,MAKIBA,SONGAMBELE
ARUSHA,23,ARUMERU,233,MAKIBA,23313,PATANUMBE,MTONI
ARUSHA,23,ARUMERU,233,MAKIBA,23313,PATANUMBE,DIPU
ARUSHA,23,ARUMERU,233,MAKIBA,23313,PATANUMBE,LOSTETI
ARUSHA,23,ARUMERU,233,MAKIBA,23313,PATANUMBE,TAMBARARE
ARUSHA,23,ARUMERU,233,MAKIBA,23313,PATANUMBE,NGARENANYUKI
ARUSHA,23,ARUMERU,233,MAKIBA,23313,MAJENGO,
ARUSHA,23,ARUMERU,233,MARORONI,23314,MARORONI,KILIMAMOJA
ARUSHA,23,ARUMERU,233,MARORONI,23314,MARORONI,TANESCO
ARUSHA,23,ARUMERU,233,MARORONI,23314,MARORONI,KANANI
ARUSHA,23,ARUMERU,233,MARORONI,23314,MARORONI,ZAIRE
ARUSHA,23,ARUMERU,233,MARORONI,23314,MARORONI,NAZARETI
ARUSHA,23,ARUMERU,233,MARORONI,23314,SAMARIA,BONDENI
ARUSHA,23,ARUMERU,233,MARORONI,23314,SAMARIA,KIJENGE
ARUSHA,23,ARUMERU,233,MARORONI,23314,SAMARIA,ZAIRE
ARUSHA,23,ARUMERU,233,MARORONI,23314,SAMARIA,SAVANA
ARUSHA,23,ARUMERU,233,MARORONI,23314,SAMARIA,KATI
ARUSHA,23,ARUMERU,233,MARORONI,23314,KWAUGORO,ZAIRE
ARUSHA,23,ARUMERU,233,MARORONI,23314,KWAUGORO,YERIKO
ARUSHA,23,ARUMERU,233,MARORONI,23314,KWAUGORO,KILOMBERO
ARUSHA,23,ARUMERU,233,MARORONI,23314,KWAUGORO,MIGANDINI
ARUSHA,23,ARUMERU,233,MARORONI,23314,KWAUGORO,MAGANDINI
ARUSHA,23,ARUMERU,233,MARORONI,23314,MIGANDINI,MIGANDINI
ARUSHA,23,ARUMERU,233,MARORONI,23314,MIGANDINI,MAGADINI
ARUSHA,23,ARUMERU,233,KIKATITI,23315,KIKATITI,KIKATITI MJINI
ARUSHA,23,ARUMERU,233,KIKATITI,23315,KIKATITI,SURUMALA
ARUSHA,23,ARUMERU,233,KIKATITI,23315,KIKATITI,NKOAMANGASHA
ARUSHA,23,ARUMERU,233,KIKATITI,23315,NASHOLI,MLIMANI
ARUSHA,23,ARUMERU,233,KIKATITI,23315,NASHOLI,KAMBI YA MKAA
ARUSHA,23,ARUMERU,233,KIKATITI,23315,SAKILA CHINI,DACHI
ARUSHA,23,ARUMERU,233,KIKATITI,23315,SAKILA CHINI,LUWAINI
ARUSHA,23,ARUMERU,233,KIKATITI,23315,SAKILA CHINI,OLKONONOI
ARUSHA,23,ARUMERU,233,KIKATITI,23315,NGYEKU,NKAOSABAYA
ARUSHA,23,ARUMERU,233,KIKATITI,23315,NGYEKU,MLIMANI
ARUSHA,23,ARUMERU,233,KIKATITI,23315,NGYEKU,NGYEKU KATI
ARUSHA,23,ARUMERU,233,KIKATITI,23315,NGYEKU,CHEMCHEM
ARUSHA,23,ARUMERU,233,KIKATITI,23315,SAKILA,ULUKUSARE
ARUSHA,23,ARUMERU,233,KIKATITI,23315,SAKILA,NRUMANGENY
ARUSHA,23,ARUMERU,233,KIKATITI,23315,SAKILA,MKUFINI
ARUSHA,23,ARUMERU,233,KING'ORI,23316,MAREU,MAREU SENTA
ARUSHA,23,ARUMERU,233,KING'ORI,23316,MAREU,KWA PHILIPO
ARUSHA,23,ARUMERU,233,KING'ORI,23316,MAREU,HOSPITALI
ARUSHA,23,ARUMERU,233,KING'ORI,23316,MAREU,KWA MASIKA
ARUSHA,23,ARUMERU,233,KING'ORI,23316,MAREU,MELATOI
ARUSHA,23,ARUMERU,233,KING'ORI,23316,MAREU,KWA PHILIPO B
ARUSHA,23,ARUMERU,233,KING'ORI,23316,NKOANSIYO,SIKIRARI
ARUSHA,23,ARUMERU,233,KING'ORI,23316,NKOANSIYO,HOSPITALI
ARUSHA,23,ARUMERU,233,KING'ORI,23316,NKOANSIYO,NKOANEEMA
ARUSHA,23,ARUMERU,233,KING'ORI,23316,KING'ORI,KWA KIRENGA
ARUSHA,23,ARUMERU,233,KING'ORI,23316,KING'ORI,URISHO
ARUSHA,23,ARUMERU,233,KING'ORI,23316,KING'ORI,MADUKANI
ARUSHA,23,ARUMERU,233,KING'ORI,23316,KING'ORI,MSESEWENI
ARUSHA,23,ARUMERU,233,KING'ORI,23316,NSENGONY,NTUWE
ARUSHA,23,ARUMERU,233,KING'ORI,23316,NSENGONY,MBORENY
ARUSHA,23,ARUMERU,233,KING'ORI,23316,NSENGONY,NKOANOEL
ARUSHA,23,ARUMERU,233,KING'ORI,23316,NSENGONY,CHEMCHEM
ARUSHA,23,ARUMERU,233,KING'ORI,23316,NKOANOEL,BONDENI
ARUSHA,23,ARUMERU,233,KING'ORI,23316,NKOANOEL,NOEL SENTA
ARUSHA,23,ARUMERU,233,KING'ORI,23316,MBORENY,KIDIRE
ARUSHA,23,ARUMERU,233,KING'ORI,23316,MBORENY,NONGILI
ARUSHA,23,ARUMERU,233,KING'ORI,23316,MUUNGANO,KWA TULELE
ARUSHA,23,ARUMERU,233,KING'ORI,23316,MUUNGANO,MANYATA
ARUSHA,23,ARUMERU,233,KING'ORI,23316,MUUNGANO,MULALA
ARUSHA,23,ARUMERU,233,KING'ORI,23316,MUUNGANO,MIKAELI
ARUSHA,23,ARUMERU,233,KING'ORI,23316,OLDONYANGIRO,KWA MASIKA
ARUSHA,23,ARUMERU,233,KING'ORI,23316,OLDONYANGIRO,HOSPITALI
ARUSHA,23,ARUMERU,233,KING'ORI,23316,OLDONYANGIRO,OLDONYONGIRO
ARUSHA,23,ARUMERU,233,KING'ORI,23316,OLDONYANGIRO,KWA PETRO
ARUSHA,23,ARUMERU,233,LEGURUKI,23317,LEGURUKI,MLIMANI
ARUSHA,23,ARUMERU,233,LEGURUKI,23317,LEGURUKI,MADUKANI
ARUSHA,23,ARUMERU,233,LEGURUKI,23317,LEGURUKI,NOSEIYA
ARUSHA,23,ARUMERU,233,LEGURUKI,23317,NKOASENGA,MAAMGALIO
ARUSHA,23,ARUMERU,233,LEGURUKI,23317,NKOASENGA,SENETO
ARUSHA,23,ARUMERU,233,LEGURUKI,23317,NKOASENGA,BWAWANI
ARUSHA,23,ARUMERU,233,LEGURUKI,23317,NKOASENGA,CENTER
ARUSHA,23,ARUMERU,233,LEGURUKI,23317,MIRIRINY,SUKUTA
ARUSHA,23,ARUMERU,233,LEGURUKI,23317,MIRIRINY,LOLERA
ARUSHA,23,ARUMERU,233,LEGURUKI,23317,MIRIRINY,SINAI
ARUSHA,23,ARUMERU,233,LEGURUKI,23317,KANDASHE,MIANZINI
ARUSHA,23,ARUMERU,233,LEGURUKI,23317,KANDASHE,SAOINAJU
ARUSHA,23,ARUMERU,233,LEGURUKI,23317,KANDASHE,CENTRE
ARUSHA,23,ARUMERU,233,LEGURUKI,23317,SHISHTON,
ARUSHA,23,ARUMERU,233,LEGURUKI,23317,MARUANGO,
ARUSHA,23,ARUMERU,233,SHAMBARAI BURKA,23318,SHAMBARAI BURKA,SHAMBARAI KATI
ARUSHA,23,ARUMERU,233,SHAMBARAI BURKA,23318,SHAMBARAI BURKA,HUDUMA
ARUSHA,23,ARUMERU,233,SHAMBARAI BURKA,23318,SHAMBARAI BURKA,TUMAINI
ARUSHA,23,ARUMERU,233,SHAMBARAI BURKA,23318,KERIKENYI,SOFIA
ARUSHA,23,ARUMERU,233,SHAMBARAI BURKA,23318,KERIKENYI,NDURUMA
ARUSHA,23,ARUMERU,233,SHAMBARAI BURKA,23318,KERIKENYI,MANDELA
ARUSHA,23,ARUMERU,233,SHAMBARAI BURKA,23318,MSITU WA MBOGO,TANKINI
ARUSHA,23,ARUMERU,233,SHAMBARAI BURKA,23318,MSITU WA MBOGO,KAMPUNI
ARUSHA,23,ARUMERU,233,SHAMBARAI BURKA,23318,MSITU WA MBOGO,HUDUMA
ARUSHA,23,ARUMERU,233,SHAMBARAI BURKA,23318,MSITU WA MBOGO,MADUKANI
ARUSHA,23,ARUMERU,233,SHAMBARAI BURKA,23318,MSITU WA MBOGO,KATI
ARUSHA,23,ARUMERU,233,SHAMBARAI BURKA,23318,KAMBI YA TANGA JUU,SONGAMBELE
ARUSHA,23,ARUMERU,233,SHAMBARAI BURKA,23318,KAMBI YA TANGA JUU,KAZA MOYO
ARUSHA,23,ARUMERU,233,SHAMBARAI BURKA,23318,KAMBI YA TANGA JUU,BARBARABA KUU
ARUSHA,23,ARUMERU,233,SHAMBARAI BURKA,23318,KAMBI YA TANGA JUU,KAMBI YA TANGA JUU
ARUSHA,23,ARUMERU,233,MAJENGO,23319,KALOLENI,EWASI
ARUSHA,23,ARUMERU,233,MAJENGO,23319,KALOLENI,KALOLENI
ARUSHA,23,ARUMERU,233,MAJENGO,23319,KALOLENI,BONDENI
ARUSHA,23,ARUMERU,233,MAJENGO,23319,MAJENGO KATI,MAJENGO KATI
ARUSHA,23,ARUMERU,233,MAJENGO,23319,MAJENGO KATI,OLMARA
ARUSHA,23,ARUMERU,233,MAJENGO,23319,MAJENGO KATI,HUDUMA
ARUSHA,23,ARUMERU,233,MAJENGO,23319,ENGATANI,ENGATANI
ARUSHA,23,ARUMERU,233,MAJENGO,23319,ENGATANI,MTONI
ARUSHA,23,ARUMERU,233,MAJENGO,23319,ENGATANI,MAJENGO DIPU
ARUSHA,23,ARUMERU,233,MALULA,23320,KOLILA,KOLILA
ARUSHA,23,ARUMERU,233,MALULA,23320,KOLILA,NRUMANGENY
ARUSHA,23,ARUMERU,233,MALULA,23320,NGEJUSOSIA,MAANGASHINY R.C
ARUSHA,23,ARUMERU,233,MALULA,23320,NGEJUSOSIA,NGEJUSOSIA KATI
ARUSHA,23,ARUMERU,233,MALULA,23320,NGEJUSOSIA,MAKAO MAPYA
ARUSHA,23,ARUMERU,233,MALULA,23320,NRUMANGENY,NRUMANGENY
ARUSHA,23,ARUMERU,233,MALULA,23320,NRUMANGENY,CHEMCHEM
ARUSHA,23,ARUMERU,233,MALULA,23320,NRUMANGENY,AMANI
ARUSHA,23,ARUMERU,233,MALULA,23320,MALULA,MALULA MJINI
ARUSHA,23,ARUMERU,233,MALULA,23320,MALULA,MIKUUNI
ARUSHA,23,ARUMERU,233,MALULA,23320,MALULA,RELINI
ARUSHA,23,ARUMERU,233,MALULA,23320,MALULA,KRISMASS
ARUSHA,23,ARUMERU,233,MALULA,23320,MALULA,MARETONI
ARUSHA,23,ARUMERU,233,MALULA,23320,MALULA,MLIMANI
ARUSHA,23,ARUMERU,233,MALULA,23320,MALULA,RC
ARUSHA,23,ARUMERU,233,MALULA,23320,MALULA,RC KATI
ARUSHA,23,ARUMERU,233,UWIRO,23321,UWIRO,KIMOSONU
ARUSHA,23,ARUMERU,233,UWIRO,23321,UWIRO,KYAMAKATA
ARUSHA,23,ARUMERU,233,UWIRO,23321,UWIRO,IYAN
ARUSHA,23,ARUMERU,233,UWIRO,23321,UWIRO,NNKUUNY
ARUSHA,23,ARUMERU,233,UWIRO,23321,UWIRO,MUKURU
ARUSHA,23,ARUMERU,233,UWIRO,23321,KISIMIRI JUU,ZAHANATI
ARUSHA,23,ARUMERU,233,UWIRO,23321,KISIMIRI JUU,JAMGWALE
ARUSHA,23,ARUMERU,233,UWIRO,23321,KISIMIRI JUU,LUWAI
ARUSHA,23,ARUMERU,233,UWIRO,23321,KISIMIRI CHINI,UZUNGUNI
ARUSHA,23,ARUMERU,233,UWIRO,23321,KISIMIRI CHINI,LENGARE
ARUSHA,23,ARUMERU,233,UWIRO,23321,KISIMIRI CHINI,KARAFIA
ARUSHA,23,ARUMERU,233,NGABOBO,23322,NGABOBO,OLTEPES
ARUSHA,23,ARUMERU,233,NGABOBO,23322,NGABOBO,NGABOBO
ARUSHA,23,ARUMERU,233,NGABOBO,23322,NGABOBO,TANK
ARUSHA,23,ARUMERU,233,NGABOBO,23322,OLTEPES,MWINUKO
ARUSHA,23,ARUMERU,233,NGABOBO,23322,OLTEPES,KILIMASIMBA
ARUSHA,23,ARUMERU,233,NGABOBO,23322,OLTEPES,MAWASILIANO
ARUSHA,23,ARUMERU,233,NGABOBO,23322,TANK,MADUKANI
ARUSHA,23,ARUMERU,233,NGABOBO,23322,TANK,TANK
ARUSHA,23,ARUMERU,233,NGABOBO,23322,TANK,MAJENGO
ARUSHA,23,ARUMERU,233,MARUVANGO,23323,MARUVANGO,KAVESHE
ARUSHA,23,ARUMERU,233,MARUVANGO,23323,MARUVANGO,CENTRE
ARUSHA,23,ARUMERU,233,MARUVANGO,23323,MARUVANGO,KWATULELE
ARUSHA,23,ARUMERU,233,MARUVANGO,23323,MARUVANGO,MAKIVARU
ARUSHA,23,ARUMERU,233,MARUVANGO,23323,SHISHTONY,ITINGARE
ARUSHA,23,ARUMERU,233,MARUVANGO,23323,SHISHTONY,SHISHTONY
ARUSHA,23,ARUMERU,233,MARUVANGO,23323,SHISHTONY,NOSEIYA
ARUSHA,23,ARUMERU,233,MARUVANGO,23323,SHISHTONY,LERAI
ARUSHA,23,ARUMERU,233,MARUVANGO,23323,MBAASENY,NOMBEKO
ARUSHA,23,ARUMERU,233,MARUVANGO,23323,MBAASENY,MBAASENY
ARUSHA,23,ARUMERU,233,MARUVANGO,23323,MBAASENY,SONGAMBELE
ARUSHA,23,ARUMERU,233,MARUVANGO,23323,MOUWARA,HAZINA
ARUSHA,23,ARUMERU,233,MARUVANGO,23323,MOUWARA,MBURIASHI
ARUSHA,23,ARUMERU,233,MARUVANGO,23323,MOUWARA,MOUWARA CENTRE
ARUSHA,23,ARUMERU,233,IMBASENI,23324,NGONGONGARE,ARAUYO
ARUSHA,23,ARUMERU,233,IMBASENI,23324,NGONGONGARE,NAPOCO
ARUSHA,23,ARUMERU,233,IMBASENI,23324,NGONGONGARE,MTONI
ARUSHA,23,ARUMERU,233,IMBASENI,23324,NGONGONGARE,MAMUNA
ARUSHA,23,ARUMERU,233,IMBASENI,23324,KIWAWA,ARUDECO
ARUSHA,23,ARUMERU,233,IMBASENI,23324,KIWAWA,KIWAWA
ARUSHA,23,ARUMERU,233,IMBASENI,23324,KIWAWA,BONDENI
ARUSHA,23,ARUMERU,233,IMBASENI,23324,IMBASENI,SOKONI
ARUSHA,23,ARUMERU,233,IMBASENI,23324,IMBASENI,CHEMCHEM
ARUSHA,23,ARUMERU,233,IMBASENI,23324,IMBASENI,SHULENI
ARUSHA,23,ARUMERU,233,IMBASENI,23324,IMBASENI,KANISANI
ARUSHA,23,ARUMERU,233,IMBASENI,23324,IMBASENI,TANGINI
ARUSHA,23,ARUMERU,233,AMBURENI,23325,AMBURENI,MSORONGO
ARUSHA,23,ARUMERU,233,AMBURENI,23325,AMBURENI,URONY
ARUSHA,23,ARUMERU,233,AMBURENI,23325,AMBURENI,AMBURENI
ARUSHA,23,ARUMERU,233,AMBURENI,23325,SHANGARAI,MOIVARO
ARUSHA,23,ARUMERU,233,AMBURENI,23325,SHANGARAI,LORUVANI
ARUSHA,23,ARUMERU,233,AMBURENI,23325,SHANGARAI,MACHUMBA
ARUSHA,23,ARUMERU,233,NKOANEKOLI,23326,NKOANEKOLI,NKOANEKOLI
ARUSHA,23,ARUMERU,233,NKOANEKOLI,23326,NKOANEKOLI,KWA MANGUSHA
ARUSHA,23,ARUMERU,233,NKOANEKOLI,23326,NKOANEKOLI,NKOAGIROI
ARUSHA,23,ARUMERU,233,NKOANEKOLI,23326,NKOANEKOLI,LOYA
ARUSHA,23,ARUMERU,233,NKOANEKOLI,23326,NKOANEKOLI,MAMIRE
ARUSHA,23,ARUMERU,233,NKOANEKOLI,23326,NKOANEKOLI,JUAKALI
ARUSHA,23,ARUMERU,233,NKOANEKOLI,23326,NKURE,NKURE
ARUSHA,23,ARUMERU,233,NKOANEKOLI,23326,NKURE,NKOAGIRIKI
ARUSHA,23,ARUMERU,233,NKOANEKOLI,23326,NKURE,NKOAKIRUA
ARUSHA,23,ARUMERU,233,NKOANEKOLI,23326,SANGANANU,HUDUMA
ARUSHA,23,ARUMERU,233,NKOANEKOLI,23326,SANGANANU,STOO
ARUSHA,23,ARUMERU,233,NKOANEKOLI,23326,SANGANANU,UZUNGUNI
ARUSHA,23,MONDULI,234,MONDULI MJINI,23401,SANGANANU,MONDULI MAGHARIBI
ARUSHA,23,MONDULI,234,MONDULI MJINI,23401,SANGANANU,MONDULI MASHARIKI
ARUSHA,23,MONDULI,234,MONDULI MJINI,23401,SANGANANU,SISONI KATI
ARUSHA,23,MONDULI,234,MONDULI MJINI,23401,SANGANANU,SABASABA
ARUSHA,23,MONDULI,234,ENGUTOTO,23402,MLIMANI,MLIMANI MAGHARIBI
ARUSHA,23,MONDULI,234,ENGUTOTO,23402,MLIMANI,MLIMANI MASHARIKI
ARUSHA,23,MONDULI,234,ENGUTOTO,23402,MLIMANI,MLIMANI MASH.KATI
ARUSHA,23,MONDULI,234,ENGUTOTO,23402,MLIMANI,MLIMANI MAGH. KATI
ARUSHA,23,MONDULI,234,ENGUTOTO,23402,SINONI/NGARASH,SINON KUSINI
ARUSHA,23,MONDULI,234,ENGUTOTO,23402,SINONI/NGARASH,NGARASH JUU
ARUSHA,23,MONDULI,234,ENGUTOTO,23402,SINONI/NGARASH,NGARASH
ARUSHA,23,MONDULI,234,ENGUTOTO,23402,OLARASH,LENGINE
ARUSHA,23,MONDULI,234,ENGUTOTO,23402,OLARASH,LOSITETI
ARUSHA,23,MONDULI,234,ENGUTOTO,23402,OLARASH,ORKARIA
ARUSHA,23,MONDULI,234,ENGUTOTO,23402,OLARASH,LESALE
ARUSHA,23,MONDULI,234,SEPEKO,23403,MTI MMOJA,NOONGOIJO
ARUSHA,23,MONDULI,234,SEPEKO,23403,MTI MMOJA,SEPEKO
ARUSHA,23,MONDULI,234,SEPEKO,23403,MTI MMOJA,MEGWARA
ARUSHA,23,MONDULI,234,SEPEKO,23403,ARKARIA,ALKARIA
ARUSHA,23,MONDULI,234,SEPEKO,23403,ARKARIA,OLOODO LALKARIA
ARUSHA,23,MONDULI,234,SEPEKO,23403,ARKARIA,ALMALOROI
ARUSHA,23,MONDULI,234,SEPEKO,23403,ARKARIA,ESEKI
ARUSHA,23,MONDULI,234,SEPEKO,23403,LENDIKINYA,MUGUMANYOKIE
ARUSHA,23,MONDULI,234,SEPEKO,23403,LENDIKINYA,LENDIKINYA
ARUSHA,23,MONDULI,234,SEPEKO,23403,LENDIKINYA,MURUNDAWA
ARUSHA,23,MONDULI,234,SEPEKO,23403,ARKATAN,NADOSOITO
ARUSHA,23,MONDULI,234,SEPEKO,23403,ARKATAN,ARDAI
ARUSHA,23,MONDULI,234,SEPEKO,23403,ARKATAN,MEGWARA
ARUSHA,23,MONDULI,234,SEPEKO,23403,ARKATAN,KARATINI
ARUSHA,23,MONDULI,234,MONDULI JUU,23404,EMAIRETE,ALASAI
ARUSHA,23,MONDULI,234,MONDULI JUU,23404,EMAIRETE,ORKETURAI
ARUSHA,23,MONDULI,234,MONDULI JUU,23404,EMAIRETE,EMAIRETE
ARUSHA,23,MONDULI,234,MONDULI JUU,23404,EMAIRETE,IMORIJO
ARUSHA,23,MONDULI,234,MONDULI JUU,23404,EMAIRETE,IRKUNGU
ARUSHA,23,MONDULI,234,MONDULI JUU,23404,ELUAI,LERMAHIR
ARUSHA,23,MONDULI,234,MONDULI JUU,23404,ELUAI,KILASHO
ARUSHA,23,MONDULI,234,MONDULI JUU,23404,ENGUIKI,NENGILORITI
ARUSHA,23,MONDULI,234,MONDULI JUU,23404,ENGUIKI,LOIMARORO
ARUSHA,23,MONDULI,234,MONDULI JUU,23404,ENGUIKI,ORMELI
ARUSHA,23,MONDULI,234,MESERANI,23405,MESERANI JUU,LOOSINGIRAN
ARUSHA,23,MONDULI,234,MESERANI,23405,MESERANI JUU,DUKA BOVU
ARUSHA,23,MONDULI,234,MESERANI,23405,MESERANI JUU,SHAKAPE
ARUSHA,23,MONDULI,234,MESERANI,23405,MESERANI JUU,INGOKUMET
ARUSHA,23,MONDULI,234,MESERANI,23405,MESERANI JUU,MUSSA
ARUSHA,23,MONDULI,234,MESERANI,23405,MESERANI JUU,DUKA MBILI
ARUSHA,23,MONDULI,234,MESERANI,23405,MESERANI BWAWANI,LOOLERA
ARUSHA,23,MONDULI,234,MESERANI,23405,MESERANI BWAWANI,EMBARARWAI
ARUSHA,23,MONDULI,234,MESERANI,23405,MESERANI BWAWANI,LIPISIEK
ARUSHA,23,MONDULI,234,MOITA,23406,MOITA KILORITI,EMBARARUAI
ARUSHA,23,MONDULI,234,MOITA,23406,MOITA KILORITI,ERANGAU
ARUSHA,23,MONDULI,234,MOITA,23406,MOITA KILORITI,KONYORI
ARUSHA,23,MONDULI,234,MOITA,23406,MOITA KILORITI,ARKINA
ARUSHA,23,MONDULI,234,MOITA,23406,MOITA KILORITI,EINOTI
ARUSHA,23,MONDULI,234,MOITA,23406,KILORITI KIPOK,LEMUGUR
ARUSHA,23,MONDULI,234,MOITA,23406,KILORITI KIPOK,ORKISIMA
ARUSHA,23,MONDULI,234,MOITA,23406,KILORITI KIPOK,ENGIKARET
ARUSHA,23,MONDULI,234,MOITA,23406,LOOLERA,LOVILOKUNY
ARUSHA,23,MONDULI,234,MOITA,23406,LOOLERA,LOOLERA
ARUSHA,23,MONDULI,234,MOITA,23406,LOOLERA,EDOINYO
ARUSHA,23,MONDULI,234,MOITA,23406,MOITA BWAWANI,ENDIPIDAPOI
ARUSHA,23,MONDULI,234,MOITA,23406,MOITA BWAWANI,NASISINI
ARUSHA,23,MONDULI,234,MOITA,23406,MOITA BWAWANI,ORKOLILI
ARUSHA,23,MONDULI,234,MOITA,23406,MOITA BWAWANI,KITOSOKOINE
ARUSHA,23,MONDULI,234,MOITA,23406,MOITA BWAWANI,NAALARAMI
ARUSHA,23,MONDULI,234,MOITA,23406,KILIMATINDE,SILONGOI
ARUSHA,23,MONDULI,234,MOITA,23406,KILIMATINDE,NOONGAI
ARUSHA,23,MONDULI,234,MOITA,23406,KILIMATINDE,KILMATINDE
ARUSHA,23,MONDULI,234,MOITA,23406,KILIMATINDE,KITOSOKOINE
ARUSHA,23,MONDULI,234,MOITA,23406,KILIMATINDE,EINITO
ARUSHA,23,MONDULI,234,LOLKISALE,23407,LOLKISALE,LOLKISALE A
ARUSHA,23,MONDULI,234,LOLKISALE,23407,LOLKISALE,LOLKISALE B
ARUSHA,23,MONDULI,234,LOLKISALE,23407,LOLKISALE,NDARPOI
ARUSHA,23,MONDULI,234,LOLKISALE,23407,LOLKISALE,MAKAO MAPYA
ARUSHA,23,MONDULI,234,LOLKISALE,23407,NAFCO,OSILALEI
ARUSHA,23,MONDULI,234,LOLKISALE,23407,NAFCO,LOONGOLWA B
ARUSHA,23,MONDULI,234,LOLKISALE,23407,NAFCO,LOONGOLWA C
ARUSHA,23,MONDULI,234,LOLKISALE,23407,TUKUSI,MAKAO MAPYA
ARUSHA,23,MONDULI,234,LOLKISALE,23407,TUKUSI,NAKWENI
ARUSHA,23,MONDULI,234,LOLKISALE,23407,TUKUSI,CHEMCHEMI
ARUSHA,23,MONDULI,234,MSWAKINI,23408,NAITOLIA,ORMANGWAI
ARUSHA,23,MONDULI,234,MSWAKINI,23408,NAITOLIA,ENGUSERO
ARUSHA,23,MONDULI,234,MSWAKINI,23408,MSWAKINI CHINI,LAMOSAMO
ARUSHA,23,MONDULI,234,MSWAKINI,23408,MSWAKINI CHINI,ENGASITI
ARUSHA,23,MONDULI,234,MSWAKINI,23408,MSWAKINI CHINI,SHULENI
ARUSHA,23,MONDULI,234,MSWAKINI,23408,MSWAKINI JUU,LANDILEN
ARUSHA,23,MONDULI,234,MSWAKINI,23408,MSWAKINI JUU,ORBUKOI
ARUSHA,23,MONDULI,234,MSWAKINI,23408,MSWAKINI JUU,MSIMAMO
ARUSHA,23,MONDULI,234,ESILALEI,23409,LOSIRWA,LOSIRWA JUU
ARUSHA,23,MONDULI,234,ESILALEI,23409,LOSIRWA,LOSIRWA CHINI
ARUSHA,23,MONDULI,234,ESILALEI,23409,LOSIRWA,OLEMIT
ARUSHA,23,MONDULI,234,ESILALEI,23409,LOSIRWA,MTI WA KLINIKI
ARUSHA,23,MONDULI,234,ESILALEI,23409,LOSIRWA,LOSIRWA
ARUSHA,23,MONDULI,234,ESILALEI,23409,LOSIRWA,MAKAO MPAYA
ARUSHA,23,MONDULI,234,ESILALEI,23409,BARAKA,BARAKA
ARUSHA,23,MONDULI,234,ESILALEI,23409,BARAKA,BELGIJI
ARUSHA,23,MONDULI,234,ESILALEI,23409,BARAKA,ENGURAISI
ARUSHA,23,MONDULI,234,ESILALEI,23409,ESILALEI,NDEPESI
ARUSHA,23,MONDULI,234,ESILALEI,23409,ESILALEI,MAKUYUNI MASAINI
ARUSHA,23,MONDULI,234,ESILALEI,23409,ESILALEI,ESIMITI
ARUSHA,23,MONDULI,234,ESILALEI,23409,ESILALEI,SHULENI
ARUSHA,23,MONDULI,234,ESILALEI,23409,ESILALEI,KANISANI
ARUSHA,23,MONDULI,234,ESILALEI,23409,OLTUKAI,OLTUKAI
ARUSHA,23,MONDULI,234,ESILALEI,23409,OLTUKAI,ENGUSERO
ARUSHA,23,MONDULI,234,ESILALEI,23409,OLTUKAI,SIMBI
ARUSHA,23,MONDULI,234,ESILALEI,23409,OLTUKAI,ILERA
ARUSHA,23,MONDULI,234,ESILALEI,23409,MUNGERE,MUNGERE
ARUSHA,23,MONDULI,234,ESILALEI,23409,MUNGERE,KAMBI YA MKAA
ARUSHA,23,MONDULI,234,ESILALEI,23409,MUNGERE,ENOLOO
ARUSHA,23,MONDULI,234,MTO WA MBU,23410,BARABARANI,NHC
ARUSHA,23,MONDULI,234,MTO WA MBU,23410,BARABARANI,KOREA KUSINI
ARUSHA,23,MONDULI,234,MTO WA MBU,23410,BARABARANI,KOREA MAGHARIBI
ARUSHA,23,MONDULI,234,MTO WA MBU,23410,BARABARANI,KOREA KASKAZINI
ARUSHA,23,MONDULI,234,MTO WA MBU,23410,KISUTU,MNAZI MMOJA
ARUSHA,23,MONDULI,234,MTO WA MBU,23410,KISUTU,UWANJA WA  BARAFU
ARUSHA,23,MONDULI,234,MTO WA MBU,23410,KISUTU,KISUTU KATI
ARUSHA,23,MONDULI,234,MTO WA MBU,23410,JANGWANI,JANGWANI ZIWANI
ARUSHA,23,MONDULI,234,MTO WA MBU,23410,JANGWANI,MAGOMENI A
ARUSHA,23,MONDULI,234,MTO WA MBU,23410,JANGWANI,MAGOMENI B
ARUSHA,23,MONDULI,234,MTO WA MBU,23410,MAGADINI,MAGADINI A
ARUSHA,23,MONDULI,234,MTO WA MBU,23410,MAGADINI,MAGADINI B
ARUSHA,23,MONDULI,234,MTO WA MBU,23410,MAGADINI,N.H.C
ARUSHA,23,MONDULI,234,MTO WA MBU,23410,MAGADINI,SOKONI
ARUSHA,23,MONDULI,234,MAJENGO,23411,MAJENGO,MAJENGO A
ARUSHA,23,MONDULI,234,MAJENGO,23411,MAJENGO,MAJENGO B
ARUSHA,23,MONDULI,234,MAJENGO,23411,MAJENGO,MAJENGO C
ARUSHA,23,MONDULI,234,MAJENGO,23411,MAJENGO,MAJENGO D
ARUSHA,23,MONDULI,234,MAJENGO,23411,MIGOMBANI,KIRURUMO
ARUSHA,23,MONDULI,234,MAJENGO,23411,MIGOMBANI,MIGOMBANI CHINI
ARUSHA,23,MONDULI,234,MAJENGO,23411,MIGOMBANI,MAGADINI
ARUSHA,23,MONDULI,234,MAJENGO,23411,MIGOMBANI,NJORO
ARUSHA,23,MONDULI,234,MAJENGO,23411,MIGOMBANI,MIGOMBANI KATI
ARUSHA,23,MONDULI,234,MAJENGO,23411,MIGOMBANI,MIGOMBANI JUU
ARUSHA,23,MONDULI,234,MAJENGO,23411,MIGOMBANI,MLIMANI PARK
ARUSHA,23,MONDULI,234,MAKUYUNI,23412,MAKUYUNI,MAKUYUNI MJINI
ARUSHA,23,MONDULI,234,MAKUYUNI,23412,MAKUYUNI,MAKUYUNI JUU
ARUSHA,23,MONDULI,234,MAKUYUNI,23412,MAKUYUNI,ESIMANGORI
ARUSHA,23,MONDULI,234,MAKUYUNI,23412,MAKUYUNI,SABURI
ARUSHA,23,MONDULI,234,MAKUYUNI,23412,MAKUYUNI,LEMIYONI
ARUSHA,23,MONDULI,234,MAKUYUNI,23412,NAITI,NAITI SHULENI
ARUSHA,23,MONDULI,234,MAKUYUNI,23412,NAITI,LAMBO
ARUSHA,23,MONDULI,234,MAKUYUNI,23412,NAITI,ORKISIMA
ARUSHA,23,MONDULI,234,MAKUYUNI,23412,MBUYUNI,NJORO
ARUSHA,23,MONDULI,234,MAKUYUNI,23412,MBUYUNI,BARABARANI
ARUSHA,23,MONDULI,234,MAKUYUNI,23412,MBUYUNI,LOOLEA
ARUSHA,23,MONDULI,234,LEPURKO,23413,LEPURKO SHULENI,ENDARARA
ARUSHA,23,MONDULI,234,LEPURKO,23413,LEPURKO SHULENI,LOYONGO
ARUSHA,23,MONDULI,234,LEPURKO,23413,LEPURKO SHULENI,MGUU WA ZUBERI
ARUSHA,23,MONDULI,234,LEPURKO,23413,LOOSIMINGOR,ENGIRIGISI
ARUSHA,23,MONDULI,234,LEPURKO,23413,LOOSIMINGOR,ENGILORITI
ARUSHA,23,MONDULI,234,LEPURKO,23413,LOOSIMINGOR,ORKISIMA
ARUSHA,23,MONDULI,234,LEPURKO,23413,LOOSIMINGOR,NOOSUYAN
ARUSHA,23,MONDULI,234,LEPURKO,23413,LOOSIMINGOR,MILIMANI
ARUSHA,23,MONDULI,234,LEPURKO,23413,EN'GAROOJI,ENDUPASAT
ARUSHA,23,MONDULI,234,LEPURKO,23413,EN'GAROOJI,EN'GAROOJI
ARUSHA,23,MONDULI,234,LEPURKO,23413,EN'GAROOJI,MLIMANI
ARUSHA,23,MONDULI,234,LEPURKO,23413,NANJA,MGUU WA ZUBERI
ARUSHA,23,MONDULI,234,LEPURKO,23413,NANJA,NOONDIMITO
ARUSHA,23,MONDULI,234,LEPURKO,23413,NANJA,NANJA
ARUSHA,23,MONDULI,234,SELELA,23414,SELELA,SHULENI
ARUSHA,23,MONDULI,234,SELELA,23414,SELELA,NADOSOITO
ARUSHA,23,MONDULI,234,SELELA,23414,SELELA,BOMBA
ARUSHA,23,MONDULI,234,SELELA,23414,SELELA,NDINYIKA
ARUSHA,23,MONDULI,234,SELELA,23414,SELELA,RANCH
ARUSHA,23,MONDULI,234,SELELA,23414,MBAASH,OLTEPESI
ARUSHA,23,MONDULI,234,SELELA,23414,MBAASH,IKLORKOR
ARUSHA,23,MONDULI,234,SELELA,23414,MBAASH,INJOROI
ARUSHA,23,MONDULI,234,ENGARUKA,23415,ENGARUKA JUU,MULLA
ARUSHA,23,MONDULI,234,ENGARUKA,23415,ENGARUKA JUU,MADUKANI
ARUSHA,23,MONDULI,234,ENGARUKA,23415,ENGARUKA JUU,ARUSHANI A
ARUSHA,23,MONDULI,234,ENGARUKA,23415,ENGARUKA JUU,ARUSHANI B
ARUSHA,23,MONDULI,234,ENGARUKA,23415,ENGARUKA JUU,LEPOLOSI B
ARUSHA,23,MONDULI,234,ENGARUKA,23415,OLDONYO LENGAI,IRKUNG
ARUSHA,23,MONDULI,234,ENGARUKA,23415,OLDONYO LENGAI,DONYONAADO
ARUSHA,23,MONDULI,234,ENGARUKA,23415,OLDONYO LENGAI,MIGOMBANI
ARUSHA,23,MONDULI,234,ENGARUKA,23415,OLDONYO LENGAI,KISERIANI
ARUSHA,23,MONDULI,234,ENGARUKA,23415,OLDONYO LENGAI,IRKUNG
ARUSHA,23,MONDULI,234,ENGARUKA,23415,OLDONYO LENGAI,NGOISUK
ARUSHA,23,MONDULI,234,ENGARUKA,23415,ENGARUKA CHINI,ENGARUKA CHINI
ARUSHA,23,MONDULI,234,ENGARUKA,23415,ENGARUKA CHINI,ALAPALASEK
ARUSHA,23,MONDULI,234,ENGARUKA,23415,ENGARUKA CHINI,LAPALSEK
ARUSHA,23,MONDULI,234,ENGARUKA,23415,ENGARUKA CHINI,ENDEPESI
ARUSHA,23,MONDULI,234,ENGARUKA,23415,ENGARUKA CHINI,NENGALASH
ARUSHA,23,MONDULI,234,ENGARUKA,23415,ENGARUKA CHINI,ENGORIKA
ARUSHA,23,MONDULI,234,ENGARUKA,23415,ENGARUKA CHINI,NDERASH
ARUSHA,23,MONDULI,234,ENGARUKA,23415,ENGARUKA CHINI,NDIMI
ARUSHA,23,MONDULI,234,ENGARUKA,23415,RERENDENI,MKAO
ARUSHA,23,MONDULI,234,ENGARUKA,23415,RERENDENI,NAISIJO
ARUSHA,23,MONDULI,234,ENGARUKA,23415,RERENDENI,ORMESULI
ARUSHA,23,MONDULI,234,ENGARUKA,23415,RERENDENI,ENG'OSWA
ARUSHA,23,MONDULI,234,ENGARUKA,23415,RERENDENI,ORMUNISHOI
ARUSHA,23,MONDULI,234,MFEREJI,23416,IDONYONAADO,IRKUNG
ARUSHA,23,MONDULI,234,MFEREJI,23416,IDONYONAADO,IDONYO
ARUSHA,23,MONDULI,234,MFEREJI,23416,IDONYONAADO,NAADO
ARUSHA,23,MONDULI,234,MFEREJI,23416,MFEREJI,EMARTI
ARUSHA,23,MONDULI,234,MFEREJI,23416,MFEREJI,PUSLUKUNYA
ARUSHA,23,MONDULI,234,MFEREJI,23416,MFEREJI,IMBOPON'G
ARUSHA,23,MONDULI,234,MFEREJI,23416,EMURUA,OLNDEMWAI
ARUSHA,23,MONDULI,234,MFEREJI,23416,EMURUA,NOONDERKES
ARUSHA,23,MONDULI,234,MFEREJI,23416,EMURUA,ORBIL
ARUSHA,23,MONDULI,234,MFEREJI,23416,KOMESHA,LENGOLONG
ARUSHA,23,MONDULI,234,MFEREJI,23416,KOMESHA,NOOMAKARANI
ARUSHA,23,MONDULI,234,MFEREJI,23416,KOMESHA,ORKEJU
ARUSHA,23,MONDULI,234,LASHAINE,23417,LASHAINE,ORNG'OSWA
ARUSHA,23,MONDULI,234,LASHAINE,23417,LASHAINE,LASHAINE
ARUSHA,23,MONDULI,234,LASHAINE,23417,LASHAINE,SEPEKO
ARUSHA,23,MONDULI,234,LASHAINE,23417,ORKESWA,LODING'ORO
ARUSHA,23,MONDULI,234,LASHAINE,23417,ORKESWA,ENGOSHUKU
ARUSHA,23,MONDULI,234,LASHAINE,23417,ORKESWA,ORKESWA
ARUSHA,23,MONDULI,234,NAALARAMI,23418,NAALARAMI,IRKIDOMUNGE
ARUSHA,23,MONDULI,234,NAALARAMI,23418,NAALARAMI,NAALARAMI
ARUSHA,23,MONDULI,234,NAALARAMI,23418,NAALARAMI,IDONYO
ARUSHA,23,MONDULI,234,NAALARAMI,23418,LENGILORITI,LENGILORITI
ARUSHA,23,MONDULI,234,NAALARAMI,23418,LENGILORITI,LOSIRIRIMI
ARUSHA,23,MONDULI,234,NAALARAMI,23418,ENGORIKA,KIRURUM
ARUSHA,23,MONDULI,234,NAALARAMI,23418,ENGORIKA,TULIANG'ATUNY
ARUSHA,23,MONDULI,234,LEMOOTI,23419,LEMOOTI,LEMOOTI
ARUSHA,23,MONDULI,234,LEMOOTI,23419,LEMOOTI,OLORISO
ARUSHA,23,MONDULI,234,LEMOOTI,23419,LEMOOTI,LESIDAI
ARUSHA,23,MONDULI,234,LEMOOTI,23419,LONGOOLWA A,LONGOOLWA A
ARUSHA,23,MONDULI,234,LEMOOTI,23419,LONGOOLWA A,ORKISIMA
ARUSHA,23,MONDULI,234,LEMOOTI,23419,LONGOOLWA A,ODONYO
ARUSHA,23,MONDULI,234,LEMOOTI,23419,LONGOOLWA A,ENGOSIPA
ARUSHA,23,MONDULI,234,LEMOOTI,23419,OLDONYO,NYORIT A
ARUSHA,23,MONDULI,234,LEMOOTI,23419,OLDONYO,NYORIT B
ARUSHA,23,MONDULI,234,LEMOOTI,23419,OLDONYO,LENGIJAPE
ARUSHA,23,MONDULI,234,LEMOOTI,23419,OLDONYO,OLDONYO
ARUSHA,23,MONDULI,234,MIGUNGANI,23420,MIGUNGANI A,MNADA WA ZAMANI
ARUSHA,23,MONDULI,234,MIGUNGANI,23420,MIGUNGANI A,ROMAN CATHOLIC
ARUSHA,23,MONDULI,234,MIGUNGANI,23420,MIGUNGANI A,COMWEX
ARUSHA,23,MONDULI,234,MIGUNGANI,23420,MIGUNGANI A,POPO
ARUSHA,23,MONDULI,234,MIGUNGANI,23420,MIGUNGANI B,MIGUNGANI KUSINI
ARUSHA,23,MONDULI,234,MIGUNGANI,23420,MIGUNGANI B,MAKAO MAPYA
ARUSHA,23,MONDULI,234,MIGUNGANI,23420,MIGUNGANI B,MIGUNGANI MASHARIKI
ARUSHA,23,MONDULI,234,MIGUNGANI,23420,KIGONGONI,MIEMBENI
ARUSHA,23,MONDULI,234,MIGUNGANI,23420,KIGONGONI,AMANI
ARUSHA,23,MONDULI,234,MIGUNGANI,23420,KIGONGONI,BONDENI
ARUSHA,23,LONGIDO,235,LONGIDO,23501,LONGIDO,MADUKANI
ARUSHA,23,LONGIDO,235,LONGIDO,23501,LONGIDO,SHULENI
ARUSHA,23,LONGIDO,235,KIMOKOUWA,23502,KIMOKOUWA,ILTILAL
ARUSHA,23,LONGIDO,235,KIMOKOUWA,23502,KIMOKOUWA,ENDEPESI
ARUSHA,23,LONGIDO,235,KIMOKOUWA,23502,KIMOKOUWA,LOLOIBONI
ARUSHA,23,LONGIDO,235,KIMOKOUWA,23502,EWORENDEKE,SIKARDA
ARUSHA,23,LONGIDO,235,KIMOKOUWA,23502,EWORENDEKE,MATIANI
ARUSHA,23,LONGIDO,235,KIMOKOUWA,23502,EWORENDEKE,LESOIT
ARUSHA,23,LONGIDO,235,KIMOKOUWA,23502,EWORENDEKE,EWORENDEKE
ARUSHA,23,LONGIDO,235,NAMANGA,23503,NAMANGA,MTAA WA SABA
ARUSHA,23,LONGIDO,235,NAMANGA,23503,NAMANGA,BUGURUNI
ARUSHA,23,LONGIDO,235,NAMANGA,23503,NAMANGA,KISONGO
ARUSHA,23,LONGIDO,235,NAMANGA,23503,NAMANGA,KISONGO B
ARUSHA,23,LONGIDO,235,NAMANGA,23503,NAMANGA,KISONGO C
ARUSHA,23,LONGIDO,235,NAMANGA,23503,NAMANGA,MLIMANI
ARUSHA,23,LONGIDO,235,NAMANGA,23503,NAMANGA,MAKAO MAPYA
ARUSHA,23,LONGIDO,235,TINGATINGA,23504,TINGATINGA,ORRO
ARUSHA,23,LONGIDO,235,TINGATINGA,23504,TINGATINGA,NAMBA 1
ARUSHA,23,LONGIDO,235,TINGATINGA,23504,TINGATINGA,MADUKANI
ARUSHA,23,LONGIDO,235,TINGATINGA,23504,NGEREYANI,NGUNGÓSUNYAI
ARUSHA,23,LONGIDO,235,TINGATINGA,23504,NGEREYANI,MADUKANI
ARUSHA,23,LONGIDO,235,TINGATINGA,23504,NGEREYANI,OKII
ARUSHA,23,LONGIDO,235,TINGATINGA,23504,NGEREYANI,EMBONG’ET  A
ARUSHA,23,LONGIDO,235,TINGATINGA,23504,NGEREYANI,EMBONG’ET B
ARUSHA,23,LONGIDO,235,TINGATINGA,23504,NGEREYANI,KIBANGASI
ARUSHA,23,LONGIDO,235,TINGATINGA,23504,NGEREYANI,NGOBENI
ARUSHA,23,LONGIDO,235,TINGATINGA,23504,NGEREYANI,ILDONYO
ARUSHA,23,LONGIDO,235,OLMOLOG,23505,ELERAI,ORMOTI
ARUSHA,23,LONGIDO,235,OLMOLOG,23505,ELERAI,ELERAIKATI
ARUSHA,23,LONGIDO,235,OLMOLOG,23505,ELERAI,ERANGAU
ARUSHA,23,LONGIDO,235,OLMOLOG,23505,OLMOLOG,ELWAAI
ARUSHA,23,LONGIDO,235,OLMOLOG,23505,OLMOLOG,MSHALONI
ARUSHA,23,LONGIDO,235,OLMOLOG,23505,OLMOLOG,ENGATANI
ARUSHA,23,LONGIDO,235,OLMOLOG,23505,LERANG’WA,MUKAO
ARUSHA,23,LONGIDO,235,OLMOLOG,23505,LERANG’WA,LERANG’WA
ARUSHA,23,LONGIDO,235,KAMWANGA,23506,KAMWANGA,NAGILENGOS
ARUSHA,23,LONGIDO,235,KAMWANGA,23506,KAMWANGA,LALARASHI
ARUSHA,23,LONGIDO,235,KAMWANGA,23506,KAMWANGA,MLIMANI PARK
ARUSHA,23,LONGIDO,235,KAMWANGA,23506,KAMWANGA,LEPAYON
ARUSHA,23,LONGIDO,235,KAMWANGA,23506,KAMWANGA,EMURUTOTO
ARUSHA,23,LONGIDO,235,KAMWANGA,23506,KITENDEN,KITENDEN
ARUSHA,23,LONGIDO,235,KAMWANGA,23506,KITENDEN,MISIGIYO
ARUSHA,23,LONGIDO,235,KAMWANGA,23506,KITENDEN,ENGOKOLA
ARUSHA,23,LONGIDO,235,KAMWANGA,23506,IRKASWA,MKULIMA
ARUSHA,23,LONGIDO,235,KAMWANGA,23506,IRKASWA,KILIMANYUKI
ARUSHA,23,LONGIDO,235,KAMWANGA,23506,IRKASWA,MZALENDO
ARUSHA,23,LONGIDO,235,KAMWANGA,23506,IRKASWA,KIJIWENI
ARUSHA,23,LONGIDO,235,ENGIKARET,23507,ENGIKARET,INDEMWA
ARUSHA,23,LONGIDO,235,ENGIKARET,23507,ENGIKARET,OSINYAI
ARUSHA,23,LONGIDO,235,ENGIKARET,23507,ENGIKARET,EMBALWA
ARUSHA,23,LONGIDO,235,ENGIKARET,23507,KISERIAN,ENGASURAI
ARUSHA,23,LONGIDO,235,ENGIKARET,23507,KISERIAN,NGÓSWANI
ARUSHA,23,LONGIDO,235,ENGIKARET,23507,KISERIAN,OLDONYOLAANDARE
ARUSHA,23,LONGIDO,235,ENGIKARET,23507,KISERIAN,MANAU – SITET
ARUSHA,23,LONGIDO,235,ELANG'ATADAPASH,23508,ELANGÁTADAPASH,NGINYE
ARUSHA,23,LONGIDO,235,ELANG'ATADAPASH,23508,ELANGÁTADAPASH,NDARAKWA
ARUSHA,23,LONGIDO,235,ELANG'ATADAPASH,23508,ELANGÁTADAPASH,LOSINONI
ARUSHA,23,LONGIDO,235,ELANG'ATADAPASH,23508,OLCHORONYOKYE,OLCHORONYOKYE
ARUSHA,23,LONGIDO,235,ELANG'ATADAPASH,23508,OLCHORONYOKYE,LARKARIA
ARUSHA,23,LONGIDO,235,ELANG'ATADAPASH,23508,OLCHORONYOKYE,INDALETA
ARUSHA,23,LONGIDO,235,ELANG'ATADAPASH,23508,SOKON,SANGEI
ARUSHA,23,LONGIDO,235,ELANG'ATADAPASH,23508,SOKON,SOKON
ARUSHA,23,LONGIDO,235,ELANG'ATADAPASH,23508,SOKON,KINGÚNA
ARUSHA,23,LONGIDO,235,KETUMBEINE,23509,ORKEJULOONGISHU,MADUKANI
ARUSHA,23,LONGIDO,235,KETUMBEINE,23509,ORKEJULOONGISHU,EWASOLTUROTO
ARUSHA,23,LONGIDO,235,KETUMBEINE,23509,ENGUSHAI,ENDONYONAJU
ARUSHA,23,LONGIDO,235,KETUMBEINE,23509,ENGUSHAI,EUWASNAMANAA
ARUSHA,23,LONGIDO,235,KETUMBEINE,23509,ENGUSHAI,MBARANGATI
ARUSHA,23,LONGIDO,235,KETUMBEINE,23509,ARMANIE,PARMANJA
ARUSHA,23,LONGIDO,235,KETUMBEINE,23509,ARMANIE,IRBILIN
ARUSHA,23,LONGIDO,235,KETUMBEINE,23509,ARMANIE,INGOLILI
ARUSHA,23,LONGIDO,235,KETUMBEINE,23509,LOPOLOSEK,IMBILIN
ARUSHA,23,LONGIDO,235,KETUMBEINE,23509,LOPOLOSEK,LOPOLOSEK
ARUSHA,23,LONGIDO,235,KETUMBEINE,23509,LOPOLOSEK,IOORBILIN
ARUSHA,23,LONGIDO,235,MUNDARARA,23510,MUNDARARA,LESS MUNDARARA
ARUSHA,23,LONGIDO,235,MUNDARARA,23510,MUNDARARA,OLORIEN
ARUSHA,23,LONGIDO,235,MUNDARARA,23510,MUNDARARA,OLONGELU
ARUSHA,23,LONGIDO,235,MUNDARARA,23510,MUNDARARA,KATARINI
ARUSHA,23,LONGIDO,235,MUNDARARA,23510,MUNDARARA,INJALAY
ARUSHA,23,LONGIDO,235,MUNDARARA,23510,ORGIRA,INGONDIN
ARUSHA,23,LONGIDO,235,MUNDARARA,23510,ORGIRA,ENGUTOTO
ARUSHA,23,LONGIDO,235,MUNDARARA,23510,ORPURKEL,LOOSOITO
ARUSHA,23,LONGIDO,235,MUNDARARA,23510,ORPURKEL,ENGOSOKWAN
ARUSHA,23,LONGIDO,235,MUNDARARA,23510,LESINGÉITA,OLDOINYO
ARUSHA,23,LONGIDO,235,MUNDARARA,23510,LESINGÉITA,NDEPES
ARUSHA,23,LONGIDO,235,MUNDARARA,23510,LESINGÉITA,LELEK
ARUSHA,23,LONGIDO,235,ENGARENAIBOR,23511,NGOSWAK,NARIPI
ARUSHA,23,LONGIDO,235,ENGARENAIBOR,23511,NGOSWAK,NGOSWAK
ARUSHA,23,LONGIDO,235,ENGARENAIBOR,23511,MAIROWA,MADUKANI
ARUSHA,23,LONGIDO,235,ENGARENAIBOR,23511,MAIROWA,LOSIAITI
ARUSHA,23,LONGIDO,235,ENGARENAIBOR,23511,MAIROWA,ENGUTOKORGOS
ARUSHA,23,LONGIDO,235,ENGARENAIBOR,23511,MAIROWA,ENGONGU
ARUSHA,23,LONGIDO,235,ENGARENAIBOR,23511,MAIROWA,NESONGOYO
ARUSHA,23,LONGIDO,235,ENGARENAIBOR,23511,KARAO,ILCHOROI
ARUSHA,23,LONGIDO,235,ENGARENAIBOR,23511,KARAO,OLTEPES
ARUSHA,23,LONGIDO,235,ENGARENAIBOR,23511,KARAO,INGOISUK
ARUSHA,23,LONGIDO,235,ENGARENAIBOR,23511,SINONIK,EMPOPONGÍ
ARUSHA,23,LONGIDO,235,ENGARENAIBOR,23511,SINONIK,NGERIN
ARUSHA,23,LONGIDO,235,ENGARENAIBOR,23511,KIMWATI,LOONJOITO
ARUSHA,23,LONGIDO,235,ENGARENAIBOR,23511,KIMWATI,KIMWATI
ARUSHA,23,LONGIDO,235,ENGARENAIBOR,23511,KIMWATI,KWENIA
ARUSHA,23,LONGIDO,235,MATALE A,23512,MATALE A,ALAKIRIKIR
ARUSHA,23,LONGIDO,235,MATALE A,23512,MATALE A,MATAKASE
ARUSHA,23,LONGIDO,235,MATALE A,23512,MATALE A,MATALE C
ARUSHA,23,LONGIDO,235,MATALE A,23512,MATALE A,IRINGONG'WEN
ARUSHA,23,LONGIDO,235,MATALE A,23512,MATALE B,EMURUTOTO
ARUSHA,23,LONGIDO,235,MATALE A,23512,MATALE B,EMESERA
ARUSHA,23,LONGIDO,235,GELAI LUMBWA,23513,LUMBWA,ESOKONNOI
ARUSHA,23,LONGIDO,235,GELAI LUMBWA,23513,LUMBWA,NDINYIKA
ARUSHA,23,LONGIDO,235,GELAI LUMBWA,23513,LUMBWA,ENGIRIRATI
ARUSHA,23,LONGIDO,235,GELAI LUMBWA,23513,LUMBWA,IRMANYARA
ARUSHA,23,LONGIDO,235,GELAI LUMBWA,23513,LUMBWA,ELESOTI
ARUSHA,23,LONGIDO,235,GELAI LUMBWA,23513,ALAILILAI,LOOMBOORI
ARUSHA,23,LONGIDO,235,GELAI LUMBWA,23513,ALAILILAI,OSINONI
ARUSHA,23,LONGIDO,235,GELAI LUMBWA,23513,ALAILILAI,ORKUNGÚRANGAI
ARUSHA,23,LONGIDO,235,GELAI LUMBWA,23513,ILCHANGITSAPUKIN,NAARMANYARA
ARUSHA,23,LONGIDO,235,GELAI LUMBWA,23513,ILCHANGITSAPUKIN,ILCHANGÍTSAPUKIN
ARUSHA,23,LONGIDO,235,GELAI LUMBWA,23513,ILCHANGITSAPUKIN,NAUDO
ARUSHA,23,LONGIDO,235,GELAI LUMBWA,23513,WOSIWOSI,NAIPANDI
ARUSHA,23,LONGIDO,235,GELAI LUMBWA,23513,WOSIWOSI,KIPII
ARUSHA,23,LONGIDO,235,GELAI LUMBWA,23513,WOSIWOSI,LOORBILIN
ARUSHA,23,LONGIDO,235,GELAI MEIRUGOI,23514,MEIRUGOI,LOONDOLWO
ARUSHA,23,LONGIDO,235,GELAI MEIRUGOI,23514,MEIRUGOI,NGÓINGÓI
ARUSHA,23,LONGIDO,235,GELAI MEIRUGOI,23514,MEIRUGOI,ARMANIE
ARUSHA,23,LONGIDO,235,GELAI MEIRUGOI,23514,MEIRUGOI,MADUKANI
ARUSHA,23,LONGIDO,235,GELAI MEIRUGOI,23514,MEIRUGOI,LAILUPA
ARUSHA,23,LONGIDO,235,GELAI MEIRUGOI,23514,MEIRUGOI,OLDUNG'ORO
ARUSHA,23,LONGIDO,235,GELAI MEIRUGOI,23514,MEIRUGOI,ENDIRIMA
ARUSHA,23,LONGIDO,235,GELAI MEIRUGOI,23514,LOONDOLWO/ESIRWA,ARMANIE
ARUSHA,23,LONGIDO,235,GELAI MEIRUGOI,23514,LOONDOLWO/ESIRWA,ORPURA
ARUSHA,23,LONGIDO,235,GELAI MEIRUGOI,23514,LOONDOLWO/ESIRWA,MARIKI
ARUSHA,23,LONGIDO,235,GELAI MEIRUGOI,23514,MAGADINI,ESIRWA
ARUSHA,23,LONGIDO,235,GELAI MEIRUGOI,23514,MAGADINI,OLDONYOLENGAI
ARUSHA,23,LONGIDO,235,GELAI MEIRUGOI,23514,MAGADINI,NAIKARIKAR
ARUSHA,23,LONGIDO,235,ILORIENITO,23515,ILORIENITO,IMBURIA
ARUSHA,23,LONGIDO,235,ILORIENITO,23515,ILORIENITO,MOTOON
ARUSHA,23,LONGIDO,235,ILORIENITO,23515,ILORIENITO,ORETETI
ARUSHA,23,LONGIDO,235,ILORIENITO,23515,NADAARE,ALAIRATAAT
ARUSHA,23,LONGIDO,235,ILORIENITO,23515,NADAARE,ENJOREANGATA
ARUSHA,23,LONGIDO,235,ILORIENITO,23515,NADAARE,ILOPON
ARUSHA,23,LONGIDO,235,ILORIENITO,23515,LOSIRWA,KISAMBI
ARUSHA,23,LONGIDO,235,ILORIENITO,23515,LOSIRWA,OSINONI
ARUSHA,23,LONGIDO,235,ILORIENITO,23515,LOSIRWA,OLOMUKI
ARUSHA,23,LONGIDO,235,ILORIENITO,23515,LOSIRWA,LOOLTUROT
ARUSHA,23,LONGIDO,235,ILORIENITO,23515,LOSIRWA,LESOIT
ARUSHA,23,LONGIDO,235,ORBOMBA,23516,ORBOMBA,ORBOMBA
ARUSHA,23,LONGIDO,235,ORBOMBA,23516,ORBOMBA,ELANGÁTAMUKUTAN
ARUSHA,23,LONGIDO,235,ORBOMBA,23516,ORBOMBA,OLCHURAI
ARUSHA,23,LONGIDO,235,ORBOMBA,23516,ORBOMBA,OLDORKO
ARUSHA,23,LONGIDO,235,ORBOMBA,23516,OLTEPESI,OLTEPESI
ARUSHA,23,LONGIDO,235,ORBOMBA,23516,OLTEPESI,MLIMANI
ARUSHA,23,LONGIDO,235,ORBOMBA,23516,OLTEPESI,OLTINGA
ARUSHA,23,LONGIDO,235,ORBOMBA,23516,OLTEPESI,DARAJANI
ARUSHA,23,LONGIDO,235,ORBOMBA,23516,OLTEPESI,IRIRO
ARUSHA,23,LONGIDO,235,ORBOMBA,23516,RANCHI,NAALARAMI
ARUSHA,23,LONGIDO,235,ORBOMBA,23516,RANCHI,LOOSIKITO
ARUSHA,23,LONGIDO,235,ORBOMBA,23516,RANCHI,LAALTARAI
ARUSHA,23,LONGIDO,235,ORBOMBA,23516,RANCHI,IMBILIN
ARUSHA,23,LONGIDO,235,NOONDOTO,23517,NOONDOTO,INGUTOT
ARUSHA,23,LONGIDO,235,NOONDOTO,23517,NOONDOTO,NAAMALASIN
ARUSHA,23,LONGIDO,235,NOONDOTO,23517,ENGUSERO,NOONDEMWA
ARUSHA,23,LONGIDO,235,NOONDOTO,23517,ENGUSERO,OLCHURAI
ARUSHA,23,LONGIDO,235,SINYA,23518,ILDONYIO,OLTINGA
ARUSHA,23,LONGIDO,235,SINYA,23518,ILDONYIO,OLDOINYIO
ARUSHA,23,LONGIDO,235,SINYA,23518,ILDONYIO,OLOKII
ARUSHA,23,LONGIDO,235,SINYA,23518,LEREMETA,LEREMETA
ARUSHA,23,LONGIDO,235,SINYA,23518,LEREMETA,ENGUSERO
ARUSHA,23,LONGIDO,235,SINYA,23518,LEREMETA,ESOITNAROK
ARUSHA,23,LONGIDO,235,SINYA,23518,ENDONYEMALI,ENDONYEMALI
ARUSHA,23,LONGIDO,235,SINYA,23518,ENDONYEMALI,ENGUTOTO
ARUSHA,23,LONGIDO,235,SINYA,23518,ENDONYEMALI,OLTEPES
ARUSHA,23,LONGIDO,235,SINYA,23518,ENDONYEMALI,KITABARNE
ARUSHA,23,KARATU,236,KARATU,23601,ENDONYEMALI,KATI
ARUSHA,23,KARATU,236,KARATU,23601,ENDONYEMALI,TFA
ARUSHA,23,KARATU,236,KARATU,23601,ENDONYEMALI,MALIASILI
ARUSHA,23,KARATU,236,KARATU,23601,ENDONYEMALI,SLAHHAMO
ARUSHA,23,KARATU,236,KARATU,23601,ENDONYEMALI,MANYARA
ARUSHA,23,KARATU,236,KARATU,23601,ENDONYEMALI,MANGAFI
ARUSHA,23,KARATU,236,KARATU,23601,ENDONYEMALI,BARAZANI
ARUSHA,23,KARATU,236,KARATU,23601,ENDONYEMALI,NMC
ARUSHA,23,KARATU,236,KARATU,23601,ENDONYEMALI,BWAWANI
ARUSHA,23,KARATU,236,KARATU,23601,ENDONYEMALI,MAZINGIRA BORA
ARUSHA,23,KARATU,236,KARATU,23601,ENDONYEMALI,BOMANI
ARUSHA,23,KARATU,236,GANAKO,23602,ENDONYEMALI,AYALABE MAGHARIBI
ARUSHA,23,KARATU,236,GANAKO,23602,ENDONYEMALI,AYALABE KUSINI
ARUSHA,23,KARATU,236,GANAKO,23602,ENDONYEMALI,AYALABE KASKAZINI
ARUSHA,23,KARATU,236,GANAKO,23602,ENDONYEMALI,AYALABE MASHARIKI
ARUSHA,23,KARATU,236,GANAKO,23602,ENDONYEMALI,KIWANDANI
ARUSHA,23,KARATU,236,GANAKO,23602,ENDONYEMALI,SABATO
ARUSHA,23,KARATU,236,GANAKO,23602,ENDONYEMALI,TLOMA
ARUSHA,23,KARATU,236,GANAKO,23602,ENDONYEMALI,KAMBI YA NYOKA
ARUSHA,23,KARATU,236,GANAKO,23602,ENDONYEMALI,KILIMANI MASHAMBA
ARUSHA,23,KARATU,236,GANAKO,23602,ENDONYEMALI,HUDUMA
ARUSHA,23,KARATU,236,GANAKO,23602,ENDONYEMALI,KILIMANI
ARUSHA,23,KARATU,236,GANAKO,23602,ENDONYEMALI,GANAKO
ARUSHA,23,KARATU,236,GANAKO,23602,ENDONYEMALI,HAYMU
ARUSHA,23,KARATU,236,GANAKO,23602,ENDONYEMALI,NGORONGORO
ARUSHA,23,KARATU,236,RHOTIA,23603,KILIMAMOJA,SANGARYAN
ARUSHA,23,KARATU,236,RHOTIA,23603,KILIMAMOJA,CHANGARAWE
ARUSHA,23,KARATU,236,RHOTIA,23603,KILIMAMOJA,KIBAONI
ARUSHA,23,KARATU,236,RHOTIA,23603,KILIMAMOJA,PARK
ARUSHA,23,KARATU,236,RHOTIA,23603,HUDUMA,SOWETO
ARUSHA,23,KARATU,236,RHOTIA,23603,HUDUMA,SAHHATA
ARUSHA,23,KARATU,236,RHOTIA,23603,HUDUMA,KIRURUMO
ARUSHA,23,KARATU,236,RHOTIA,23603,HUDUMA,AYATSERE
ARUSHA,23,KARATU,236,RHOTIA,23603,RHOTIA KATI,RHOTIA JUU
ARUSHA,23,KARATU,236,RHOTIA,23603,RHOTIA KATI,RHOTIA KATI
ARUSHA,23,KARATU,236,RHOTIA,23603,MARERA,MARERA KATI
ARUSHA,23,KARATU,236,RHOTIA,23603,MARERA,HUDUMA
ARUSHA,23,KARATU,236,RHOTIA,23603,MARERA,DIPU
ARUSHA,23,KARATU,236,RHOTIA,23603,KILIMATEMBO,KILIMATEMBO BARABARANI
ARUSHA,23,KARATU,236,RHOTIA,23603,KILIMATEMBO,HUDUMA
ARUSHA,23,KARATU,236,RHOTIA,23603,KILIMATEMBO,KILIMATEMBO JUU
ARUSHA,23,KARATU,236,RHOTIA,23603,KILIMATEMBO,GILALA
ARUSHA,23,KARATU,236,RHOTIA,23603,KAINAM RHOTIA,KAINAM KUSINI
ARUSHA,23,KARATU,236,RHOTIA,23603,KAINAM RHOTIA,JARANJAR
ARUSHA,23,KARATU,236,RHOTIA,23603,KAINAM RHOTIA,HAREABI
ARUSHA,23,KARATU,236,RHOTIA,23603,CHEMCHEM,ASLINI
ARUSHA,23,KARATU,236,RHOTIA,23603,CHEMCHEM,HUDUMA
ARUSHA,23,KARATU,236,RHOTIA,23603,CHEMCHEM,MBULUMBULU
ARUSHA,23,KARATU,236,MBULUMBULU,23604,SLAHHAMO,TLOMA
ARUSHA,23,KARATU,236,MBULUMBULU,23604,SLAHHAMO,WHEAT SCHEME
ARUSHA,23,KARATU,236,MBULUMBULU,23604,SLAHHAMO,GENDAA
ARUSHA,23,KARATU,236,MBULUMBULU,23604,SLAHHAMO,ASLINI
ARUSHA,23,KARATU,236,MBULUMBULU,23604,SLAHHAMO,TLOMA DO DIRANGW
ARUSHA,23,KARATU,236,MBULUMBULU,23604,KAMBI YA SIMBA,SEAY JUU
ARUSHA,23,KARATU,236,MBULUMBULU,23604,KAMBI YA SIMBA,SEAY CHINI
ARUSHA,23,KARATU,236,MBULUMBULU,23604,KAMBI YA SIMBA,SAHHATA
ARUSHA,23,KARATU,236,MBULUMBULU,23604,KAMBI YA SIMBA,TLAWI JUU
ARUSHA,23,KARATU,236,MBULUMBULU,23604,KAMBI YA SIMBA,TLAWI KATI
ARUSHA,23,KARATU,236,MBULUMBULU,23604,KAMBI YA SIMBA,HARKI
ARUSHA,23,KARATU,236,MBULUMBULU,23604,LOSITETE,KITUMA
ARUSHA,23,KARATU,236,MBULUMBULU,23604,LOSITETE,SELELA
ARUSHA,23,KARATU,236,MBULUMBULU,23604,LOSITETE,LENGIPIMA
ARUSHA,23,KARATU,236,MBULUMBULU,23604,UPPER KITETE,KATI
ARUSHA,23,KARATU,236,MBULUMBULU,23604,UPPER KITETE,ANTSI
ARUSHA,23,KARATU,236,MBULUMBULU,23604,UPPER KITETE,QANGARI
ARUSHA,23,KARATU,236,MBULUMBULU,23604,UPPER KITETE,BONDE LA FARU
ARUSHA,23,KARATU,236,MBULUMBULU,23604,UPPER KITETE,TLOMA
ARUSHA,23,KARATU,236,MBULUMBULU,23604,UPPER KITETE,SABA SABA
ARUSHA,23,KARATU,236,MBULUMBULU,23604,UPPER KITETE,JUU
ARUSHA,23,KARATU,236,MBULUMBULU,23604,KITETE,NJORO
ARUSHA,23,KARATU,236,MBULUMBULU,23604,KITETE,TLOMA DO HHAWU
ARUSHA,23,KARATU,236,MBULUMBULU,23604,KITETE,BARAI
ARUSHA,23,KARATU,236,MBULUMBULU,23604,KITETE,FITSA
ARUSHA,23,KARATU,236,ENDAMARARIEK,23605,ENDAMARARIEK,AYARAAT
ARUSHA,23,KARATU,236,ENDAMARARIEK,23605,ENDAMARARIEK,ENDAMARARIEK
ARUSHA,23,KARATU,236,ENDAMARARIEK,23605,GIDBASSO,ASLIN
ARUSHA,23,KARATU,236,ENDAMARARIEK,23605,GIDBASSO,BAGHAYO
ARUSHA,23,KARATU,236,ENDAMARARIEK,23605,GIDBASSO,ANTSI
ARUSHA,23,KARATU,236,ENDAMARARIEK,23605,GIDBASSO,TLOMA
ARUSHA,23,KARATU,236,ENDAMARARIEK,23605,GIDBASSO,SHANGIT
ARUSHA,23,KARATU,236,ENDAMARARIEK,23605,ENDALLAH,MANUSAY
ARUSHA,23,KARATU,236,ENDAMARARIEK,23605,ENDALLAH,SHANGIT
ARUSHA,23,KARATU,236,ENDAMARARIEK,23605,ENDALLAH,ENDALLAH
ARUSHA,23,KARATU,236,ENDAMARARIEK,23605,MASABEDA,MASABEDA
ARUSHA,23,KARATU,236,ENDAMARARIEK,23605,MASABEDA,KINIHHE
ARUSHA,23,KARATU,236,ENDAMARARIEK,23605,MASABEDA,FITSA
ARUSHA,23,KARATU,236,ENDAMARARIEK,23605,GETAMOCK,HAMBAL
ARUSHA,23,KARATU,236,ENDAMARARIEK,23605,GETAMOCK,KWANDAL
ARUSHA,23,KARATU,236,ENDAMARARIEK,23605,GETAMOCK,GENDAA
ARUSHA,23,KARATU,236,ENDAMARARIEK,23605,MAHHAHHA,GARANTHI
ARUSHA,23,KARATU,236,ENDAMARARIEK,23605,MAHHAHHA,ANTSI
ARUSHA,23,KARATU,236,ENDAMARARIEK,23605,MAHHAHHA,MAHHAHHA
ARUSHA,23,KARATU,236,ENDAMARARIEK,23605,MAHHAHHA,KINIHHE
ARUSHA,23,KARATU,236,ENDAMARARIEK,23605,BASSODAWISH,AMAFALA
ARUSHA,23,KARATU,236,ENDAMARARIEK,23605,BASSODAWISH,GWANDUMEHHI
ARUSHA,23,KARATU,236,ENDAMARARIEK,23605,BASSODAWISH,GWANDUMEHHI TLAWI
ARUSHA,23,KARATU,236,ENDAMARARIEK,23605,BASSODAWISH,BARAY ‘A’
ARUSHA,23,KARATU,236,ENDAMARARIEK,23605,SHANGIT,TIITA
ARUSHA,23,KARATU,236,ENDAMARARIEK,23605,SHANGIT,G/TLAWI
ARUSHA,23,KARATU,236,ENDAMARARIEK,23605,SHANGIT,MANUSAY
ARUSHA,23,KARATU,236,ENDAMARARIEK,23605,KHUSUMAY,TLA’A
ARUSHA,23,KARATU,236,ENDAMARARIEK,23605,KHUSUMAY,ANTSA
ARUSHA,23,KARATU,236,ENDAMARARIEK,23605,KHUSUMAY,SLAHHAMO
ARUSHA,23,KARATU,236,ENDAMARARIEK,23605,KHUSUMAY,MIBUYU MIWILI
ARUSHA,23,KARATU,236,BUGER,23606,AYALALIYO,ANTSI
ARUSHA,23,KARATU,236,BUGER,23606,AYALALIYO,AYLOI
ARUSHA,23,KARATU,236,BUGER,23606,AYALALIYO,GEHANDU
ARUSHA,23,KARATU,236,BUGER,23606,BUGER,GAHABIYA
ARUSHA,23,KARATU,236,BUGER,23606,BUGER,AYABEA
ARUSHA,23,KARATU,236,BUGER,23606,BUGER,ANTSI-GAMDI
ARUSHA,23,KARATU,236,BUGER,23606,BUGER,AYALABE
ARUSHA,23,KARATU,236,BUGER,23606,ENDONYAWET,KRASH
ARUSHA,23,KARATU,236,BUGER,23606,ENDONYAWET,SENTA
ARUSHA,23,KARATU,236,BUGER,23606,ENDONYAWET,KRETA
ARUSHA,23,KARATU,236,BUGER,23606,ENDONYAWET,GARANTLI
ARUSHA,23,KARATU,236,KANSAY,23607,KANSAY,ENDAGESH
ARUSHA,23,KARATU,236,KANSAY,23607,KANSAY,KAINAM
ARUSHA,23,KARATU,236,KANSAY,23607,KANSAY,KANSAY KATI
ARUSHA,23,KARATU,236,KANSAY,23607,KANSAY,HARKI
ARUSHA,23,KARATU,236,KANSAY,23607,NG’AIBARA,NGAIDADU
ARUSHA,23,KARATU,236,KANSAY,23607,NG’AIBARA,BARAKTA
ARUSHA,23,KARATU,236,KANSAY,23607,KAMBI YA FARU,DUM
ARUSHA,23,KARATU,236,KANSAY,23607,KAMBI YA FARU,GENDAA
ARUSHA,23,KARATU,236,KANSAY,23607,KAMBI YA FARU,GEER
ARUSHA,23,KARATU,236,KANSAY,23607,LAJA,ENDANG’U MASHARIKI
ARUSHA,23,KARATU,236,KANSAY,23607,LAJA,YAMURAAT
ARUSHA,23,KARATU,236,KANSAY,23607,LAJA,ENDAGESH
ARUSHA,23,KARATU,236,KANSAY,23607,UMBANGW',ENDANG’U MAGHARIBI
ARUSHA,23,KARATU,236,KANSAY,23607,UMBANGW',UMBANGW'
ARUSHA,23,KARATU,236,KANSAY,23607,UMBANGW',DARANGU
ARUSHA,23,KARATU,236,KANSAY,23607,UMBANGW',TLOMA AWAKI
ARUSHA,23,KARATU,236,KANSAY,23607,UMBANGW',LAJA
ARUSHA,23,KARATU,236,ENDABASHI,23608,ENDABASH,DAKWTLER MASHARIKI
ARUSHA,23,KARATU,236,ENDABASHI,23608,ENDABASH,DAKWTLER MAGHARIBI
ARUSHA,23,KARATU,236,ENDABASHI,23608,ENDABASH,MANGISA
ARUSHA,23,KARATU,236,ENDABASHI,23608,ENDABASH,SARAMAY
ARUSHA,23,KARATU,236,ENDABASHI,23608,ENDAGEM,MURUS
ARUSHA,23,KARATU,236,ENDABASHI,23608,ENDAGEM,GENAI
ARUSHA,23,KARATU,236,ENDABASHI,23608,ENDAGEM,SENTA
ARUSHA,23,KARATU,236,ENDABASHI,23608,ENDAGEM,LAJA
ARUSHA,23,KARATU,236,ENDABASHI,23608,QARU,AYARAAT
ARUSHA,23,KARATU,236,ENDABASHI,23608,QARU,QARU
ARUSHA,23,KARATU,236,ENDABASHI,23608,KOSI,KOSI
ARUSHA,23,KARATU,236,ENDABASHI,23608,KOSI,MIGANGW
ARUSHA,23,KARATU,236,ENDABASHI,23608,KOSI,SARAMAY
ARUSHA,23,KARATU,236,ENDABASHI,23608,KOSI,BURGEDA
ARUSHA,23,KARATU,236,ENDABASHI,23608,KINIHHE,LAMBO
ARUSHA,23,KARATU,236,ENDABASHI,23608,KINIHHE,KRETA
ARUSHA,23,KARATU,236,ENDABASHI,23608,KINIHHE,KINIHHE
ARUSHA,23,KARATU,236,ENDABASHI,23608,KINIHHE,SENTA
ARUSHA,23,KARATU,236,ENDABASHI,23608,KINIHHE,MSASANI
ARUSHA,23,KARATU,236,QURUS,23609,GYEKRUM LAMBO,GWANDUMEHHI
ARUSHA,23,KARATU,236,QURUS,23609,GYEKRUM LAMBO,LAMBO KASKAZINI
ARUSHA,23,KARATU,236,QURUS,23609,GENDAA,GENDAA
ARUSHA,23,KARATU,236,QURUS,23609,GENDAA,NARAY
ARUSHA,23,KARATU,236,QURUS,23609,GENDAA,TITIWI
ARUSHA,23,KARATU,236,QURUS,23609,GENDAA,MASABEDA
ARUSHA,23,KARATU,236,QURUS,23609,GENDAA,SEKONDARI
ARUSHA,23,KARATU,236,QURUS,23609,GONGALI,KATI
ARUSHA,23,KARATU,236,QURUS,23609,GONGALI,BAGHAR
ARUSHA,23,KARATU,236,QURUS,23609,GONGALI,KINIHHE
ARUSHA,23,KARATU,236,QURUS,23609,GONGALI,HAYDOM
ARUSHA,23,KARATU,236,QURUS,23609,QORONG’AIDA,MAGESHO
ARUSHA,23,KARATU,236,QURUS,23609,QORONG’AIDA,AMPA
ARUSHA,23,KARATU,236,QURUS,23609,QORONG’AIDA,ASILINI
ARUSHA,23,KARATU,236,QURUS,23609,QORONG’AIDA,QANGARI
ARUSHA,23,KARATU,236,QURUS,23609,QURUS,GIDMAJA
ARUSHA,23,KARATU,236,QURUS,23609,QURUS,MENDAY
ARUSHA,23,KARATU,236,QURUS,23609,QURUS,KATI
ARUSHA,23,KARATU,236,QURUS,23609,BASHAY,BUTIAMA
ARUSHA,23,KARATU,236,QURUS,23609,BASHAY,HALLET
ARUSHA,23,KARATU,236,QURUS,23609,BASHAY,UMBE
ARUSHA,23,KARATU,236,QURUS,23609,BASHAY,UFANA
ARUSHA,23,KARATU,236,QURUS,23609,DOFFA,DOFFA JUU
ARUSHA,23,KARATU,236,QURUS,23609,DOFFA,NJIAPANDA
ARUSHA,23,KARATU,236,QURUS,23609,DOFFA,QANGHARI
ARUSHA,23,KARATU,236,QURUS,23609,DOFFA,MEFURDA
ARUSHA,23,KARATU,236,OLDEANI,23610,OLDEANI,OLDEANI KATI
ARUSHA,23,KARATU,236,OLDEANI,23610,OLDEANI,POSTA
ARUSHA,23,KARATU,236,OLDEANI,23610,OLDEANI,OLDEANI NG’AMBO
ARUSHA,23,KARATU,236,OLDEANI,23610,OLDEANI,T.E.C
ARUSHA,23,KARATU,236,OLDEANI,23610,OLDEANI,ASCONA
ARUSHA,23,KARATU,236,OLDEANI,23610,OLDEANI,KIRAN
ARUSHA,23,KARATU,236,OLDEANI,23610,OLDEANI,BEN-DHU
ARUSHA,23,KARATU,236,OLDEANI,23610,KIWANJA,O.C.E.
ARUSHA,23,KARATU,236,OLDEANI,23610,KIWANJA,NITIN
ARUSHA,23,KARATU,236,OLDEANI,23610,KIWANJA,SHAH
ARUSHA,23,KARATU,236,OLDEANI,23610,KIWANJA,EDELWEISS
ARUSHA,23,KARATU,236,OLDEANI,23610,KIWANJA,IDARA YA MAJI
ARUSHA,23,KARATU,236,OLDEANI,23610,KIWANJA,DARAJANI
ARUSHA,23,KARATU,236,OLDEANI,23610,KIWANJA,HUDUMA
ARUSHA,23,KARATU,236,DAA,23611,CHANGARAWE,COMWORKS
ARUSHA,23,KARATU,236,DAA,23611,CHANGARAWE,TLOMA
ARUSHA,23,KARATU,236,DAA,23611,CHANGARAWE,INTSI
ARUSHA,23,KARATU,236,DAA,23611,CHANGARAWE,SABLETA
ARUSHA,23,KARATU,236,DAA,23611,ENDASHANGWET,WAGH’ASI
ARUSHA,23,KARATU,236,DAA,23611,ENDASHANGWET,KATI
ARUSHA,23,KARATU,236,DAA,23611,ENDASHANGWET,CHEMCHEM
ARUSHA,23,KARATU,236,DAA,23611,ENDASHANGWET,SEGENGE
ARUSHA,23,KARATU,236,DAA,23611,ENDASHANGWET,YUDECK
ARUSHA,23,KARATU,236,DAA,23611,MANG’OLA JUU,GENDARYANDI
ARUSHA,23,KARATU,236,DAA,23611,MANG’OLA JUU,YUDECK
ARUSHA,23,KARATU,236,DAA,23611,MANG’OLA JUU,KITANGW DOFFA
ARUSHA,23,KARATU,236,DAA,23611,MANG’OLA JUU,SIMHHA ‘A’
ARUSHA,23,KARATU,236,DAA,23611,MANG’OLA JUU,SIMHHA ‘B’
ARUSHA,23,KARATU,236,DAA,23611,MANG’OLA JUU,MIDABINI
ARUSHA,23,KARATU,236,DAA,23611,MAKHOROMBA,SAIDORI
ARUSHA,23,KARATU,236,DAA,23611,MAKHOROMBA,ENDANG’ADI
ARUSHA,23,KARATU,236,DAA,23611,MAKHOROMBA,TLOMA
ARUSHA,23,KARATU,236,DAA,23611,MAKHOROMBA,GERMAN
ARUSHA,23,KARATU,236,MANG'OLA,23612,MANG'OLA BARAZANI,MAYFOLA
ARUSHA,23,KARATU,236,MANG'OLA,23612,MANG'OLA BARAZANI,NARAY
ARUSHA,23,KARATU,236,MANG'OLA,23612,MANG'OLA BARAZANI,KISIMANGEDA
ARUSHA,23,KARATU,236,MANG'OLA,23612,MANG'OLA BARAZANI,SASGWENJU
ARUSHA,23,KARATU,236,MANG'OLA,23612,MANG'OLA BARAZANI,MSWAKINI
ARUSHA,23,KARATU,236,MANG'OLA,23612,MANG'OLA BARAZANI,MILANGARINI
ARUSHA,23,KARATU,236,MANG'OLA,23612,MANG'OLA BARAZANI,MBUYU SENTA
ARUSHA,23,KARATU,236,MANG'OLA,23612,MANG'OLA BARAZANI,SHULENI
ARUSHA,23,KARATU,236,MANG'OLA,23612,MANG'OLA BARAZANI,MIBUYU MIWILI
ARUSHA,23,KARATU,236,MANG'OLA,23612,MANG'OLA BARAZANI,ANTSA
ARUSHA,23,KARATU,236,MANG'OLA,23612,LAGHANGARERI,MUDELAND
ARUSHA,23,KARATU,236,MANG'OLA,23612,LAGHANGARERI,GENDARGA
ARUSHA,23,KARATU,236,MANG'OLA,23612,LAGHANGARERI,BUTAHE
ARUSHA,23,KARATU,236,MANG'OLA,23612,LAGHANGARERI,NGUVUKAZI
ARUSHA,23,KARATU,236,MANG'OLA,23612,LAGHANGARERI,MAJIMOTO
ARUSHA,23,KARATU,236,MANG'OLA,23612,MALECKCHAND,MAGHANYO
ARUSHA,23,KARATU,236,MANG'OLA,23612,MALECKCHAND,GIDABURJECK
ARUSHA,23,KARATU,236,MANG'OLA,23612,MALECKCHAND,BUGHARGA
ARUSHA,23,KARATU,236,MANG'OLA,23612,MALECKCHAND,GIDABESH
ARUSHA,23,KARATU,236,MANG'OLA,23612,MALECKCHAND,MASIYEDA
ARUSHA,23,KARATU,236,BARAY,23613,QANGDEND,KAMBI YA SIMBA
ARUSHA,23,KARATU,236,BARAY,23613,QANGDEND,KIGONGONI
ARUSHA,23,KARATU,236,BARAY,23613,QANGDEND,MBUYUNI
ARUSHA,23,KARATU,236,BARAY,23613,QANGDEND,MURUS
ARUSHA,23,KARATU,236,BARAY,23613,QANGDEND,KATI
ARUSHA,23,KARATU,236,BARAY,23613,QANGDEND,MWEMBENI
ARUSHA,23,KARATU,236,BARAY,23613,QANGDEND,MKWAJUNI
ARUSHA,23,KARATU,236,BARAY,23613,QANGDEND,MANDAGEW
ARUSHA,23,KARATU,236,BARAY,23613,MBUGA NYEKUNDU,BARAY
ARUSHA,23,KARATU,236,BARAY,23613,MBUGA NYEKUNDU,MIPOMENI
ARUSHA,23,KARATU,236,BARAY,23613,MBUGA NYEKUNDU,MBUYUNI
ARUSHA,23,KARATU,236,BARAY,23613,MBUGA NYEKUNDU,DARAJANI
ARUSHA,23,KARATU,236,BARAY,23613,JOBAJ,SHULENI
ARUSHA,23,KARATU,236,BARAY,23613,JOBAJ,KISIRIRI
ARUSHA,23,KARATU,236,BARAY,23613,JOBAJ,GIDABUGHARGA
ARUSHA,23,KARATU,236,BARAY,23613,JOBAJ,MIEMBENI
ARUSHA,23,KARATU,236,BARAY,23613,DUMBECHAND,CHEMCHEM
ARUSHA,23,KARATU,236,BARAY,23613,DUMBECHAND,GILODABESHTA
ARUSHA,23,KARATU,236,BARAY,23613,DUMBECHAND,MBUYUNI
ARUSHA,23,KARATU,236,BARAY,23613,DUMBECHAND,DUMBECHAND  KATI
ARUSHA,23,KARATU,236,BARAY,23613,DUMBECHAND,MZAMBARAUNI
ARUSHA,23,KARATU,236,BARAY,23613,DUMBECHAND,ESHAW
ARUSHA,23,KARATU,236,BARAY,23613,DUMBECHAND,GIDAMILANDA
ARUSHA,23,KARATU,236,BARAY,23613,MATALA,MASOLAGE
ARUSHA,23,KARATU,236,BARAY,23613,MATALA,HAYDESH
ARUSHA,23,KARATU,236,BARAY,23613,MATALA,SHULENI
ARUSHA,23,KARATU,236,BARAY,23613,MATALA,IBANKA
ARUSHA,23,KARATU,236,BARAY,23613,ENDESH,DERAJIDA
ARUSHA,23,KARATU,236,BARAY,23613,ENDESH,ENDESH
ARUSHA,23,KARATU,236,BARAY,23613,ENDESH,MOHADAGEW
ARUSHA,23,KARATU,236,ENDAMAGHANG,23614,MIKOCHENI,ENDABESH
ARUSHA,23,KARATU,236,ENDAMAGHANG,23614,MIKOCHENI,HAREABI
ARUSHA,23,KARATU,236,ENDAMAGHANG,23614,MIKOCHENI,KISIMANGEDA
ARUSHA,23,KARATU,236,ENDAMAGHANG,23614,ENDAMAGHANG,MIGUNGANI
ARUSHA,23,KARATU,236,ENDAMAGHANG,23614,ENDAMAGHANG,JANGWANI
ARUSHA,23,KARATU,236,ENDAMAGHANG,23614,ENDAMAGHANG,GETAWASAN
ARUSHA,23,NGORONGORO,237,ORGOSOROK,23701,ENDAMAGHANG,LOLIONDO MASHARIKI
ARUSHA,23,NGORONGORO,237,ORGOSOROK,23701,ENDAMAGHANG,LOLIONDO MAGHARIBI
ARUSHA,23,NGORONGORO,237,ORGOSOROK,23701,ENDAMAGHANG,ORKIU CHINI
ARUSHA,23,NGORONGORO,237,ORGOSOROK,23701,ENDAMAGHANG,BWAWANI
ARUSHA,23,NGORONGORO,237,ORGOSOROK,23701,ENDAMAGHANG,NDIPILIKWA
ARUSHA,23,NGORONGORO,237,ORGOSOROK,23701,ENDAMAGHANG,NJORWETIN
ARUSHA,23,NGORONGORO,237,ORGOSOROK,23701,ENDAMAGHANG,KAPONGONI
ARUSHA,23,NGORONGORO,237,ORGOSOROK,23701,ENDAMAGHANG,MAKALASINGA
ARUSHA,23,NGORONGORO,237,ORGOSOROK,23701,ENDAMAGHANG,LEKODYA
ARUSHA,23,NGORONGORO,237,ORGOSOROK,23701,ENDAMAGHANG,WASSO
ARUSHA,23,NGORONGORO,237,OLOIRIEN/ MAGAIDURU,23702,OLOIRIEN,OLOIRIEN
ARUSHA,23,NGORONGORO,237,OLOIRIEN/ MAGAIDURU,23703,MAGAIDURU,MAGAIDURU
ARUSHA,23,NGORONGORO,237,OLOIRIEN/ MAGAIDURU,23704,OLDONYOWAS,OLDONYOWAS
ARUSHA,23,NGORONGORO,237,OLOIRIEN/ MAGAIDURU,23705,WASSO,WASSO
ARUSHA,23,NGORONGORO,237,OLOIPIRI,23703,OLOIPIRI,OLOIPIRI
ARUSHA,23,NGORONGORO,237,OLOIPIRI,23703,OLOIPIRI,ORKUYENE
ARUSHA,23,NGORONGORO,237,OLOIPIRI,23703,OLOIPIRI,ESERO
ARUSHA,23,NGORONGORO,237,OLOIPIRI,23703,SUKENYA,EMBAASH-OLOIPIRI
ARUSHA,23,NGORONGORO,237,OLOIPIRI,23703,SUKENYA,ENGOTOTO
ARUSHA,23,NGORONGORO,237,OLOIPIRI,23703,SUKENYA,ORONGAI
ARUSHA,23,NGORONGORO,237,OLOIPIRI,23703,SUKENYA,OLOIKOBOI
ARUSHA,23,NGORONGORO,237,ENGUSEROSAMBU,23704,ENGUSEROSAMBU,ENGUSEROSAMBU
ARUSHA,23,NGORONGORO,237,ENGUSEROSAMBU,23704,NG'ARWA,NG'ARWA
ARUSHA,23,NGORONGORO,237,ENGUSEROSAMBU,23704,NAAN,NAAN
ARUSHA,23,NGORONGORO,237,ENGUSEROSAMBU,23704,ORKIU JUU,ORKIU JUU
ARUSHA,23,NGORONGORO,237,SAMUNGE,23705,SAMUNGE,RELA
ARUSHA,23,NGORONGORO,237,SAMUNGE,23705,SAMUNGE,SAMUNGE
ARUSHA,23,NGORONGORO,237,SAMUNGE,23705,SAMUNGE,HAHARA
ARUSHA,23,NGORONGORO,237,SAMUNGE,23705,SAMUNGE,MIJITI
ARUSHA,23,NGORONGORO,237,SAMUNGE,23705,MUGONGO,MUGONGO
ARUSHA,23,NGORONGORO,237,SAMUNGE,23705,MUGONGO,MAGERI
ARUSHA,23,NGORONGORO,237,SAMUNGE,23705,MUGONGO,LUKERENE
ARUSHA,23,NGORONGORO,237,SAMUNGE,23705,YASIMDITO,EYASI
ARUSHA,23,NGORONGORO,237,SAMUNGE,23705,YASIMDITO,MDITO
ARUSHA,23,NGORONGORO,237,SAMUNGE,23705,YASIMDITO,BWELO
ARUSHA,23,NGORONGORO,237,SAMUNGE,23705,MAGERI,MAGERI
ARUSHA,23,NGORONGORO,237,MAALON,23706,LOOSOITO,LOISOITI
ARUSHA,23,NGORONGORO,237,MAALON,23706,LOOSOITO,EMURWADIKIR
ARUSHA,23,NGORONGORO,237,MAALON,23706,LOOSOITO,NDIPILIKWAN
ARUSHA,23,NGORONGORO,237,MAALON,23706,MAALON,SITET
ARUSHA,23,NGORONGORO,237,MAALON,23706,MAALON,MAALONI
ARUSHA,23,NGORONGORO,237,MAALON,23706,MAALON,NDUNG'OROT
ARUSHA,23,NGORONGORO,237,MAALON,23706,MAALON,LEPOLOSI
ARUSHA,23,NGORONGORO,237,MAALON,23706,OLOSWASHI,KIPAMBI
ARUSHA,23,NGORONGORO,237,MAALON,23706,OLOSWASHI,LOORUKA
ARUSHA,23,NGORONGORO,237,MAALON,23706,OLOSWASHI,LOSWASHI
ARUSHA,23,NGORONGORO,237,MAALON,23706,OLOSWASHI,NGISHUPUSI
ARUSHA,23,NGORONGORO,237,MAALON,23706,NGOBERETI,ENGOBERITI
ARUSHA,23,NGORONGORO,237,MAALON,23706,NGOBERETI,EMARTI
ARUSHA,23,NGORONGORO,237,MAALON,23706,NGOBERETI,ELELESHWA
ARUSHA,23,NGORONGORO,237,ARASH,23707,ARASH,ENGUTOTO
ARUSHA,23,NGORONGORO,237,ARASH,23707,ARASH,ENGORIKA
ARUSHA,23,NGORONGORO,237,ARASH,23707,ARASH,ARASH
ARUSHA,23,NGORONGORO,237,ARASH,23707,ARASH,LOSEKENJA
ARUSHA,23,NGORONGORO,237,ARASH,23707,ARASH,LAMNYAN A
ARUSHA,23,NGORONGORO,237,ARASH,23707,ORMANIE,ORMANIE
ARUSHA,23,NGORONGORO,237,ARASH,23707,ORMANIE,LOKIA
ARUSHA,23,NGORONGORO,237,ARASH,23707,ORMANIE,OLTEPESI
ARUSHA,23,NGORONGORO,237,ARASH,23707,MBUKEN,MBUKEN
ARUSHA,23,NGORONGORO,237,ARASH,23707,MBUKEN,OSUKUMWA
ARUSHA,23,NGORONGORO,237,ARASH,23707,MBUKEN,ESUNGUROI
ARUSHA,23,NGORONGORO,237,ARASH,23707,OLALAA,OLALAA
ARUSHA,23,NGORONGORO,237,ARASH,23707,OLALAA,LAMNYANI B
ARUSHA,23,NGORONGORO,237,ARASH,23707,OLALAA,NAISONGOYON
ARUSHA,23,NGORONGORO,237,ARASH,23707,OLALAA,NGARIAPUS
ARUSHA,23,NGORONGORO,237,ARASH,23707,OLALAA,ORMANIE
ARUSHA,23,NGORONGORO,237,ARASH,23707,OLALAA,OLTEBES
ARUSHA,23,NGORONGORO,237,ARASH,23707,OLALAA,OITI
ARUSHA,23,NGORONGORO,237,ARASH,23707,OLALAA,ENGEREYAN
ARUSHA,23,NGORONGORO,237,ARASH,23707,OLALAA,MBUKEN
ARUSHA,23,NGORONGORO,237,ARASH,23707,OLALAA,OSUKUNWA
ARUSHA,23,NGORONGORO,237,SOITSAMBU,23708,KIRTALO,NAIDIKIDIKO
ARUSHA,23,NGORONGORO,237,SOITSAMBU,23708,KIRTALO,IRIMISIGYO
ARUSHA,23,NGORONGORO,237,SOITSAMBU,23708,KIRTALO,EMPOPONG
ARUSHA,23,NGORONGORO,237,SOITSAMBU,23708,KIRTALO,OLOSIRWA
ARUSHA,23,NGORONGORO,237,SOITSAMBU,23708,MONDOROSI,OCHOKI
ARUSHA,23,NGORONGORO,237,SOITSAMBU,23708,MONDOROSI,OLEPOLOSI
ARUSHA,23,NGORONGORO,237,SOITSAMBU,23708,MONDOROSI,MONDOROS
ARUSHA,23,NGORONGORO,237,SOITSAMBU,23708,MONDOROSI,ENADOOSHOKE
ARUSHA,23,NGORONGORO,237,SOITSAMBU,23708,SOITSAMBU,EMBOROM
ARUSHA,23,NGORONGORO,237,SOITSAMBU,23708,SOITSAMBU,MONDOROS
ARUSHA,23,NGORONGORO,237,SOITSAMBU,23708,SOITSAMBU,EMPOPONJA
ARUSHA,23,NGORONGORO,237,SOITSAMBU,23708,SOITSAMBU,NJOROI
ARUSHA,23,NGORONGORO,237,SOITSAMBU,23708,SOITSAMBU,SUKENYA
ARUSHA,23,NGORONGORO,237,SOITSAMBU,23708,SOITSAMBU,KIRTALO
ARUSHA,23,NGORONGORO,237,SOITSAMBU,23708,SOITSAMBU,ENADOSHOKE
ARUSHA,23,NGORONGORO,237,OLOLOSOKWAN,23709,OLOLOSOKWAN,OLAIKA
ARUSHA,23,NGORONGORO,237,OLOLOSOKWAN,23709,MAIROWA,OLOKINUKA
ARUSHA,23,NGORONGORO,237,OLOLOSOKWAN,23709,NJOROI,OITI
ARUSHA,23,NGORONGORO,237,OLOLOSOKWAN,23709,NJOROI,ELITIPISI
ARUSHA,23,NGORONGORO,237,DIGODIGO,23710,DIGODIGO,BWELO
ARUSHA,23,NGORONGORO,237,DIGODIGO,23710,DIGODIGO,MAKUREHENDANE
ARUSHA,23,NGORONGORO,237,DIGODIGO,23710,DIGODIGO,NDELANE
ARUSHA,23,NGORONGORO,237,DIGODIGO,23710,DIGODIGO,RANE
ARUSHA,23,NGORONGORO,237,DIGODIGO,23710,DIGODIGO,DIGODIGO MADUKANI
ARUSHA,23,NGORONGORO,237,OLDONYOSAMBU,23711,OLDONYOSAMBU,OLDONYOSAMBU
ARUSHA,23,NGORONGORO,237,OLDONYOSAMBU,23711,OLDONYOSAMBU,KATOLEGANI
ARUSHA,23,NGORONGORO,237,OLDONYOSAMBU,23711,OLDONYOSAMBU,NDELANE
ARUSHA,23,NGORONGORO,237,OLDONYOSAMBU,23711,JEMA,JEMA
ARUSHA,23,NGORONGORO,237,OLDONYOSAMBU,23711,JEMA,SUGHU
ARUSHA,23,NGORONGORO,237,OLDONYOSAMBU,23711,JEMA,BUNA
ARUSHA,23,NGORONGORO,237,SALE,23712,SALE,MARONGORENE
ARUSHA,23,NGORONGORO,237,SALE,23712,SALE,JAMUSI
ARUSHA,23,NGORONGORO,237,SALE,23712,SALE,KIBALO
ARUSHA,23,NGORONGORO,237,PINYINYI,23713,PINYINYI,PINYINYI
ARUSHA,23,NGORONGORO,237,PINYINYI,23713,PINYINYI,MASUSU
ARUSHA,23,NGORONGORO,237,PINYINYI,23713,PINYINYI,ORBILIN
ARUSHA,23,NGORONGORO,237,PINYINYI,23713,PINYINYI,NDINYIKA
ARUSHA,23,NGORONGORO,237,PINYINYI,23713,PINYINYI,EMBAAS
ARUSHA,23,NGORONGORO,237,MALAMBO,23714,MALAMBO,SANJAN
ARUSHA,23,NGORONGORO,237,MALAMBO,23714,MALAMBO,OLCHORRO
ARUSHA,23,NGORONGORO,237,MALAMBO,23714,MALAMBO,MANANG
ARUSHA,23,NGORONGORO,237,MALAMBO,23714,MADUKANI,MADUKANI
ARUSHA,23,NGORONGORO,237,MALAMBO,23714,MADUKANI,NDINYIKA
ARUSHA,23,NGORONGORO,237,MALAMBO,23714,MADUKANI,NG'ABOLO
ARUSHA,23,NGORONGORO,237,MALAMBO,23714,MADUKANI,ENGUTUTO
ARUSHA,23,NGORONGORO,237,OLBALBAL,23715,MESHIL,MESHIL
ARUSHA,23,NGORONGORO,237,OLBALBAL,23715,MESHIL,NGURUMAAN
ARUSHA,23,NGORONGORO,237,ALAILELAI,23716,ALAILELAI,ALAILELAI
ARUSHA,23,NGORONGORO,237,ALAILELAI,23716,ALAILELAI,IKIRANGAREN
ARUSHA,23,NGORONGORO,237,ALAILELAI,23716,BULATI,HAUNOK
ARUSHA,23,NGORONGORO,237,ALAILELAI,23716,BULATI,BULATI
ARUSHA,23,NGORONGORO,237,ALAILELAI,23716,BULATI,IRMEJIRO
ARUSHA,23,NGORONGORO,237,ALAILELAI,23716,BULATI,NAABAST
ARUSHA,23,NGORONGORO,237,ALAILELAI,23716,SENDUI,SENDUI
ARUSHA,23,NGORONGORO,237,NAIYOBI,23717,NAIYOBI,ILTULETE
ARUSHA,23,NGORONGORO,237,NAIYOBI,23717,NAIYOBI,LERA
ARUSHA,23,NGORONGORO,237,NAIYOBI,23717,NAIYOBI,ENGOMEI
ARUSHA,23,NGORONGORO,237,NAIYOBI,23717,NAIYOBI,ENONG'OTO
ARUSHA,23,NGORONGORO,237,NAIYOBI,23717,ITULELE,ENGARUKA JUU
ARUSHA,23,NGORONGORO,237,NAIYOBI,23717,ITULELE,ENGARUKA CHINI
ARUSHA,23,NGORONGORO,237,NAIYOBI,23717,KAPENJIRO,MAKOSEN
ARUSHA,23,NGORONGORO,237,NAIYOBI,23717,KAPENJIRO,ORKOKOLA A
ARUSHA,23,NGORONGORO,237,NAIYOBI,23717,KAPENJIRO,SINONI
ARUSHA,23,NGORONGORO,237,NAIYOBI,23717,KAPENJIRO,ORKOKOLA B
ARUSHA,23,NGORONGORO,237,NAINOKANOKA,23718,OLCHAMIOLOCK,OLCHAMIOLOCK
ARUSHA,23,NGORONGORO,237,NAINOKANOKA,23718,NAINOKANOKA,NAINOKANOKA
ARUSHA,23,NGORONGORO,237,NAINOKANOKA,23718,NAINOKANOKA,MUUNGE
ARUSHA,23,NGORONGORO,237,NAINOKANOKA,23718,NAINOKANOKA,OLDONYOWAS
ARUSHA,23,NGORONGORO,237,NAINOKANOKA,23718,NAINOKANOKA,EMBULIMBULI
ARUSHA,23,NGORONGORO,237,NAINOKANOKA,23718,IRKEEPUS,IRKEEPUS
ARUSHA,23,NGORONGORO,237,NAINOKANOKA,23718,IRKEEPUS,LOPOLES
ARUSHA,23,NGORONGORO,237,NAINOKANOKA,23718,IRKEEPUS,LOREDHI JUU
ARUSHA,23,NGORONGORO,237,NAINOKANOKA,23718,IRKEEPUS,LORESHO CHINI
ARUSHA,23,NGORONGORO,237,NGORONGORO,23719,OLOIROBI,EMOTONI/NDEPES
ARUSHA,23,NGORONGORO,237,NGORONGORO,23719,OLOIROBI,KAYAPUS
ARUSHA,23,NGORONGORO,237,NGORONGORO,23719,OLOIROBI,OLOIROBI/MALANJA
ARUSHA,23,NGORONGORO,237,NGORONGORO,23719,MOKILAL,MALANJAA
ARUSHA,23,NGORONGORO,237,NGORONGORO,23719,KAYAPUSI,NGUTOTOSUMBATI
ARUSHA,23,NGORONGORO,237,ENDULENI,23720,ENDULENI,ESIRWA
ARUSHA,23,NGORONGORO,237,ENDULENI,23720,ENDULENI,ENDULENI MADUKANI
ARUSHA,23,NGORONGORO,237,ENDULENI,23720,ENDULENI,LAJANG'A
ARUSHA,23,NGORONGORO,237,ENDULENI,23720,ENDULENI,ALDALPOI
ARUSHA,23,NGORONGORO,237,ENDULENI,23720,ENDULENI,ESIRIWA JUU
ARUSHA,23,NGORONGORO,237,ENDULENI,23720,ENDULENI,LOSILALE
ARUSHA,23,NGORONGORO,237,ENDULENI,23720,NASPORIOONG,NASPORIOONG
ARUSHA,23,NGORONGORO,237,ENDULENI,23720,NASPORIOONG,DONYO
ARUSHA,23,NGORONGORO,237,ENDULENI,23720,NASPORIOONG,NGOYAPASE
ARUSHA,23,NGORONGORO,237,ENDULENI,23720,NASPORIOONG,NDIAN
ARUSHA,23,NGORONGORO,237,ENDULENI,23720,NASPORIOONG,OLMEKEKE
ARUSHA,23,NGORONGORO,237,KAKESIO,23721,KAKESIO,MADUKANI
ARUSHA,23,NGORONGORO,237,KAKESIO,23721,KAKESIO,INGUTOTI
ARUSHA,23,NGORONGORO,237,KAKESIO,23721,KAKESIO,NGOITERE
ARUSHA,23,NGORONGORO,237,KAKESIO,23721,KAKESIO,NGAIRISHI
ARUSHA,23,NGORONGORO,237,KAKESIO,23721,OSINONI,OLGUMI
ARUSHA,23,NGORONGORO,237,KAKESIO,23721,OSINONI,NGEREYENI
ARUSHA,23,NGORONGORO,237,KAKESIO,23721,OSINONI,NGIDOKUN
ARUSHA,23,NGORONGORO,237,NGOILE,23723,NGOILE,NGOILE
ARUSHA,23,NGORONGORO,237,NGOILE,23723,NGOILE,NGOLOLAA
ARUSHA,23,NGORONGORO,237,NGOILE,23723,NGOILE,LOOMUNYI
ARUSHA,23,NGORONGORO,237,MISIGIYO,23724,KAITAKITENG,KAITA JUU
ARUSHA,23,NGORONGORO,237,MISIGIYO,23724,LONGOOJO,LONGOJOO
ARUSHA,23,NGORONGORO,237,MISIGIYO,23724,MISIGYO,KATEKITENG
ARUSHA,23,NGORONGORO,237,MISIGIYO,23724,,MISIGYO/OLONGOJIOK
ARUSHA,23,NGORONGORO,237,MISIGIYO,23724,,MOKILAL NDORES
ARUSHA,23,NGORONGORO,237,EYASI,23725,OLPIRO,MUSHORJOGA
ARUSHA,23,NGORONGORO,237,EYASI,23725,OLPIRO,OLDOGOM
ARUSHA,23,NGORONGORO,237,EYASI,23725,OLPIRO,OLPIRO KATI
ARUSHA,23,NGORONGORO,237,EYASI,23725,MASUMBURAI,LOONGILEJI
ARUSHA,23,NGORONGORO,237,EYASI,23725,MASUMBURAI,LANGALI
ARUSHA,23,NGORONGORO,237,ALAITOLEI,23726,ESERE,MUGONGORONI
ARUSHA,23,NGORONGORO,237,ALAITOLEI,23726,ESERE,OLMOT
ARUSHA,23,NGORONGORO,237,ALAITOLEI,23726,ESERE,ESERE
ARUSHA,23,NGORONGORO,237,ALAITOLEI,23726,ENGESHEI,ENGESHEI
ARUSHA,23,NGORONGORO,237,ALAITOLEI,23726,ENGESHEI,LENGELDINA
ARUSHA,23,NGORONGORO,237,ALAITOLEI,23726,ENGESHEI,SARUFA
ARUSHA,23,NGORONGORO,237,ALAITOLEI,23726,ALAITOLEI,OLPIRI
ARUSHA,23,NGORONGORO,237,ALAITOLEI,23726,ALAITOLEI,OLKEREKETA
ARUSHA,23,NGORONGORO,237,ALAITOLEI,23726,ALAITOLEI,MGORORONI
ARUSHA,23,NGORONGORO,237,KIRANGI,23727,KISANGIRO,KIRANGI
ARUSHA,23,NGORONGORO,237,KIRANGI,23727,KISANGIRO,KISANGIRO
ARUSHA,23,NGORONGORO,237,KIRANGI,23727,KISANGIRO,MEJE
ARUSHA,23,NGORONGORO,237,KIRANGI,23727,MUGHOLO,BWELO
ARUSHA,23,NGORONGORO,237,KIRANGI,23727,MUGHOLO,MUGHOLO
ARUSHA,23,NGORONGORO,237,KIRANGI,23727,TINAGA,TINAGA
ARUSHA,23,NGORONGORO,237,KIRANGI,23727,TINAGA,MARIBANE
ARUSHA,23,NGORONGORO,237,ENGARESERO,23728,ENGARESERO,NAIBOROSO
ARUSHA,23,NGORONGORO,237,ENGARESERO,23728,ENGARESERO,REPARKASHI
ARUSHA,23,NGORONGORO,237,ENGARESERO,23728,ENGARESERO,ENGARESERO
ARUSHA,23,NGORONGORO,237,ENGARESERO,23728,ENGARESERO,MONIC
ARUSHA,23,NGORONGORO,237,PIYAYA,23729,KESILE,ESILALEI
ARUSHA,23,NGORONGORO,237,PIYAYA,23729,KESILE,KESILE
ARUSHA,23,NGORONGORO,237,PIYAYA,23729,KESILE,NGORIKA
ARUSHA,23,NGORONGORO,237,PIYAYA,23729,KESILE,ELERAI
ARUSHA,23,NGORONGORO,237,PIYAYA,23729,PIYAYA,MADUKANI
ARUSHA,23,NGORONGORO,237,PIYAYA,23729,PIYAYA,SENGERETUNY
ARUSHA,23,NGORONGORO,237,PIYAYA,23729,PIYAYA,OLOPIRIKI
