REGION,REGIONCODE,DISTRICT,DISTRICTCODE,WARD,WARDCODE,STREET,PLACES
DAR-ES-SALAAM,11,ILALA CBD,11,KIVUKONI,11101,KIVUKONI,
DAR-ES-SALAAM,11,ILALA CBD,11,KIVUKONI,11101,SEA VIEW,
DAR-ES-SALAAM,11,ILALA CBD,11,UPANGA MASHARIKI,11102,KITONGA,
DAR-ES-SALAAM,11,ILALA CBD,11,UPANGA MASHARIKI,11102,KIBASILA,
DAR-ES-SALAAM,11,ILALA CBD,11,UPANGA MAGHARIBI,11103,FIRE,
DAR-ES-SALAAM,11,ILALA CBD,11,UPANGA MAGHARIBI,11103,CHARAMBE,
DAR-ES-SALAAM,11,ILALA CBD,11,UPANGA MAGHARIBI,11103,MFAUME,
DAR-ES-SALAAM,11,ILALA CBD,11,KISUTU,11104,KISUTU,
DAR-ES-SALAAM,11,ILALA CBD,11,KISUTU,11104,MTENDENI,
DAR-ES-SALAAM,11,ILALA CBD,11,MCHAFUKOGE,11105,KITUMBINI,
DAR-ES-SALAAM,11,ILALA CBD,11,MCHAFUKOGE,11105,MCHAFUKOGE,
DAR-ES-SALAAM,11,ILALA CBD,11,KARIAKOO,11106,KARIAKOO MAGHARIBI,
DAR-ES-SALAAM,11,ILALA CBD,11,KARIAKOO,11106,KARIAKOO KASKAZINI,
DAR-ES-SALAAM,11,ILALA CBD,11,KARIAKOO,11106,KARIAKOO MASHARIKI,
DAR-ES-SALAAM,11,ILALA CBD,11,GEREZANI,11107,GEREZANI MASHARIKI,
DAR-ES-SALAAM,11,ILALA CBD,11,GEREZANI,11107,GEREZANI MAGHARIBI,
DAR-ES-SALAAM,11,ILALA CBD,11,JANGWANI,11108,UKOMBOZI,
DAR-ES-SALAAM,11,ILALA CBD,11,JANGWANI,11108,MNAZI MMOJA,
DAR-ES-SALAAM,11,ILALA CBD,11,JANGWANI,11108,"MTAMBANI ""A""",
DAR-ES-SALAAM,11,ILALA CBD,11,JANGWANI,11108,"MTAMBANI ""B""",
DAR-ES-SALAAM,11,ILALA CBD,11,MCHIKICHINI,11109,MISSION QUARTER,
DAR-ES-SALAAM,11,ILALA CBD,11,MCHIKICHINI,11109,ILALA KOTA,
DAR-ES-SALAAM,11,ILALA CBD,11,MCHIKICHINI,11109,MSIMBAZI BONDENI,
DAR-ES-SALAAM,11,ILALA,12,ILALA,12101,MAFURIKO,
DAR-ES-SALAAM,11,ILALA,12,ILALA,12101,KASULU,
DAR-ES-SALAAM,11,ILALA,12,ILALA,12101,KARUME,
DAR-ES-SALAAM,11,ILALA,12,ILALA,12101,SHARIFF SHAMBA,
DAR-ES-SALAAM,11,ILALA,12,ILALA,12101,AMANA,
DAR-ES-SALAAM,11,ILALA,12,BUGURUNI,12102,MALAPA,
DAR-ES-SALAAM,11,ILALA,12,BUGURUNI,12102,MADENGE,
DAR-ES-SALAAM,11,ILALA,12,BUGURUNI,12102,KISIWANI,
DAR-ES-SALAAM,11,ILALA,12,BUGURUNI,12102,MVINJENI,
DAR-ES-SALAAM,11,ILALA,12,TABATA,12103,MANDELA,
DAR-ES-SALAAM,11,ILALA,12,TABATA,12103,TABATA,
DAR-ES-SALAAM,11,ILALA,12,TABATA,12103,MATUMBI,
DAR-ES-SALAAM,11,ILALA,12,TABATA,12103,MSIMBAZI,
DAR-ES-SALAAM,11,ILALA,12,TABATA,12103,KISIWANI,
DAR-ES-SALAAM,11,ILALA,12,TABATA,12103,TENGE,
DAR-ES-SALAAM,11,ILALA,12,TABATA,12103,MTAMBANI,
DAR-ES-SALAAM,11,ILALA,12,TABATA,12103,MSIMBAZI MAGHARIBI,
DAR-ES-SALAAM,11,ILALA,12,KIMANGA,12104,TEMBOMGWAZA,
DAR-ES-SALAAM,11,ILALA,12,KIMANGA,12104,KIMANGA,
DAR-ES-SALAAM,11,ILALA,12,KIMANGA,12104,KIMANGA DARAJANI,
DAR-ES-SALAAM,11,ILALA,12,KIMANGA,12104,BANEBANE,
DAR-ES-SALAAM,11,ILALA,12,KIMANGA,12104,KIHIMBWA,
DAR-ES-SALAAM,11,ILALA,12,KIMANGA,12104,SOKOINE,
DAR-ES-SALAAM,11,ILALA,12,KIMANGA,12104,TWIGA,
DAR-ES-SALAAM,11,ILALA,12,SEGEREA,12105,MGOMBANI,
DAR-ES-SALAAM,11,ILALA,12,SEGEREA,12105,UGOMBOLWA,
DAR-ES-SALAAM,11,ILALA,12,SEGEREA,12105,SEGEREA,
DAR-ES-SALAAM,11,ILALA,12,SEGEREA,12105,MFAUME,
DAR-ES-SALAAM,11,ILALA,12,KIPAWA,12106,MOGO,
DAR-ES-SALAAM,11,ILALA,12,KIPAWA,12106,KARAKATA,
DAR-ES-SALAAM,11,ILALA,12,KIPAWA,12106,KIPUNGUNI,
DAR-ES-SALAAM,11,ILALA,12,KIPAWA,12106,STAKISHARI,
DAR-ES-SALAAM,11,ILALA,12,KIPAWA,12106,UWANJA WA NDEGE,
DAR-ES-SALAAM,11,ILALA,12,KIPAWA,12106,MJIMPYA,
DAR-ES-SALAAM,11,ILALA,12,UKONGA,12107,MWEMBE MADAFU,
DAR-ES-SALAAM,11,ILALA,12,UKONGA,12107,MAZIZINI,
DAR-ES-SALAAM,11,ILALA,12,UKONGA,12107,MARKAZ,
DAR-ES-SALAAM,11,ILALA,12,UKONGA,12107,MONGO LA NDEGE,
DAR-ES-SALAAM,11,ILALA,12,UKONGA,12107,SABASABA,
DAR-ES-SALAAM,11,ILALA,12,KIWALANI,12108,KIGILAGILA,
DAR-ES-SALAAM,11,ILALA,12,KIWALANI,12108,YOMBO,
DAR-ES-SALAAM,11,ILALA,12,KIWALANI,12108,KIWALANI,
DAR-ES-SALAAM,11,ILALA,12,VINGUNGUTI,12109,KOMBO,
DAR-ES-SALAAM,11,ILALA,12,VINGUNGUTI,12109,MIEMBENI,
DAR-ES-SALAAM,11,ILALA,12,VINGUNGUTI,12109,MTAKUJA,
DAR-ES-SALAAM,11,ILALA,12,VINGUNGUTI,12109,MTAMBANI,
DAR-ES-SALAAM,11,ILALA,12,VINGUNGUTI,12109,BUTIAMA,
DAR-ES-SALAAM,11,ILALA,12,VINGUNGUTI,12109,MAJENGO,
DAR-ES-SALAAM,11,ILALA,12,GONGO LA MBOTO,12110,GULUKA KWALALA,
DAR-ES-SALAAM,11,ILALA,12,GONGO LA MBOTO,12110,GONGO LA MBOTO,
DAR-ES-SALAAM,11,ILALA,12,GONGO LA MBOTO,12110,ULONGONI A,
DAR-ES-SALAAM,11,ILALA,12,GONGO LA MBOTO,12110,ULONGONI B,
DAR-ES-SALAAM,11,ILALA,12,KITUNDA,12111,KIPERA,
DAR-ES-SALAAM,11,ILALA,12,KITUNDA,12111,KITUNDA,
DAR-ES-SALAAM,11,ILALA,12,KITUNDA,12111,RELINI,
DAR-ES-SALAAM,11,ILALA,12,KITUNDA,12111,KIYOMBO,
DAR-ES-SALAAM,11,ILALA,12,PUGU,12112,KINYAMWEZI,
DAR-ES-SALAAM,11,ILALA,12,PUGU,12112,BOMBANI,
DAR-ES-SALAAM,11,ILALA,12,PUGU,12112,KIGOGO FRESH 'A',
DAR-ES-SALAAM,11,ILALA,12,PUGU,12112,KIGOGO FRESH 'B',
DAR-ES-SALAAM,11,ILALA,12,PUGU,12112,MUSTAPHA,
DAR-ES-SALAAM,11,ILALA,12,MAJOHE,12113,MJI MPYA,
DAR-ES-SALAAM,11,ILALA,12,MAJOHE,12113,KICHANGANI,
DAR-ES-SALAAM,11,ILALA,12,MAJOHE,12113,KIVULE,
DAR-ES-SALAAM,11,ILALA,12,MAJOHE,12113,RADA,
DAR-ES-SALAAM,11,ILALA,12,MAJOHE,12113,VIWEGE,
DAR-ES-SALAAM,11,ILALA,12,MSONGOLA,12114,KITONGA,
DAR-ES-SALAAM,11,ILALA,12,MSONGOLA,12114,YANGEYANGE,
DAR-ES-SALAAM,11,ILALA,12,MSONGOLA,12114,MBONDOLE,
DAR-ES-SALAAM,11,ILALA,12,MSONGOLA,12114,MVULENI,
DAR-ES-SALAAM,11,ILALA,12,MSONGOLA,12114,KIBOGA,
DAR-ES-SALAAM,11,ILALA,12,MSONGOLA,12114,KIDOLE,
DAR-ES-SALAAM,11,ILALA,12,MSONGOLA,12114,MKERA,
DAR-ES-SALAAM,11,ILALA,12,MSONGOLA,12114,SANGARA,
DAR-ES-SALAAM,11,ILALA,12,MSONGOLA,12114,UWANJA WA NYANI,
DAR-ES-SALAAM,11,ILALA,12,CHANIKA,12115,TUNGINI,
DAR-ES-SALAAM,11,ILALA,12,CHANIKA,12115,YONGWE,
DAR-ES-SALAAM,11,ILALA,12,CHANIKA,12115,LUKOMI,
DAR-ES-SALAAM,11,ILALA,12,CHANIKA,12115,VIKONGORO,
DAR-ES-SALAAM,11,ILALA,12,CHANIKA,12115,NGUVU MPYA,
DAR-ES-SALAAM,11,ILALA,12,CHANIKA,12115,VIROBO,
DAR-ES-SALAAM,11,ILALA,12,CHANIKA,12115,KIDUGALO,
DAR-ES-SALAAM,11,ILALA,12,CHANIKA,12115,NGWALE,
DAR-ES-SALAAM,11,ILALA,12,CHANIKA,12115,LUKOONI,
DAR-ES-SALAAM,11,ILALA,12,KINYEREZI,12116,KINYEREZI,
DAR-ES-SALAAM,11,ILALA,12,KINYEREZI,12116,KIFURU,
DAR-ES-SALAAM,11,ILALA,12,KINYEREZI,12116,KWALIMBAGA,
DAR-ES-SALAAM,11,ILALA,12,KINYEREZI,12116,KANGA,
DAR-ES-SALAAM,11,ILALA,12,KINYEREZI,12116,KICHANGANI,
DAR-ES-SALAAM,11,ILALA,12,KINYEREZI,12116,KIBAGA,
DAR-ES-SALAAM,11,ILALA,12,KIVULE,12117,KIVULE,
DAR-ES-SALAAM,11,ILALA,12,KIVULE,12117,BOMBAMBILI,
DAR-ES-SALAAM,11,ILALA,12,KIVULE,12117,KAREZANGE,
DAR-ES-SALAAM,11,ILALA,12,KIVULE,12117,MAGORE A,
DAR-ES-SALAAM,11,ILALA,12,MNYAMANI,12118,MALUZUKU,
DAR-ES-SALAAM,11,ILALA,12,MNYAMANI,12118,MJI MPYA,
DAR-ES-SALAAM,11,ILALA,12,MNYAMANI,12118,FARU,
DAR-ES-SALAAM,11,ILALA,12,MNYAMANI,12118,MNYAMANI,
DAR-ES-SALAAM,11,ILALA,12,LIWITI,12119,MACHIMBO,
DAR-ES-SALAAM,11,ILALA,12,LIWITI,12119,LIWITI,
DAR-ES-SALAAM,11,ILALA,12,LIWITI,12119,MISEWE,
DAR-ES-SALAAM,11,ILALA,12,LIWITI,12119,AMANI,
DAR-ES-SALAAM,11,ILALA,12,BONYOKWA,12120,BONYOKWA,
DAR-ES-SALAAM,11,ILALA,12,BONYOKWA,12120,KISIWANI,
DAR-ES-SALAAM,11,ILALA,12,BONYOKWA,12120,MSINGWA,
DAR-ES-SALAAM,11,ILALA,12,KIPUNGUNI,12121,KIPUNGUNI B,
DAR-ES-SALAAM,11,ILALA,12,KIPUNGUNI,12121,KITINYE,
DAR-ES-SALAAM,11,ILALA,12,KIPUNGUNI,12121,MACHIMBO,
DAR-ES-SALAAM,11,ILALA,12,KIPUNGUNI,12121,AMANI,
DAR-ES-SALAAM,11,ILALA,12,KISUKULU,12122,LUHANGA,
DAR-ES-SALAAM,11,ILALA,12,KISUKULU,12122,KISUKULU,
DAR-ES-SALAAM,11,ILALA,12,KISUKULU,12122,MIANZINI,
DAR-ES-SALAAM,11,ILALA,12,MINAZI MIREFU,12123,MWALE,
DAR-ES-SALAAM,11,ILALA,12,MINAZI MIREFU,12123,MIGOMBANI,
DAR-ES-SALAAM,11,ILALA,12,MINAZI MIREFU,12123,MINAZI MIREFU,
DAR-ES-SALAAM,11,ILALA,12,BUYUNI,12124,ZAVALA,
DAR-ES-SALAAM,11,ILALA,12,BUYUNI,12124,MGEULE,
DAR-ES-SALAAM,11,ILALA,12,BUYUNI,12124,NYEBURU,
DAR-ES-SALAAM,11,ILALA,12,BUYUNI,12124,KIGEZI,
DAR-ES-SALAAM,11,ILALA,12,BUYUNI,12124,KIGEZI CHINI,
DAR-ES-SALAAM,11,ILALA,12,BUYUNI,12124,MGEULE JUU,
DAR-ES-SALAAM,11,ILALA,12,BUYUNI,12124,TALIANI,
DAR-ES-SALAAM,11,ILALA,12,ZINGIZIWA,12125,NZASA,
DAR-ES-SALAAM,11,ILALA,12,ZINGIZIWA,12125,ZOGOALI,
DAR-ES-SALAAM,11,ILALA,12,ZINGIZIWA,12125,ZINGIZIWA,
DAR-ES-SALAAM,11,ILALA,12,ZINGIZIWA,12125,LUBAKAYA,
DAR-ES-SALAAM,11,ILALA,12,ZINGIZIWA,12125,KIMWANI,
DAR-ES-SALAAM,11,ILALA,12,ZINGIZIWA,12125,NGOBEDI,
DAR-ES-SALAAM,11,ILALA,12,ZINGIZIWA,12125,SOMELO,
DAR-ES-SALAAM,11,ILALA,12,ZINGIZIWA,12125,GOGO,
DAR-ES-SALAAM,11,ILALA,12,MZINGA,12126,MWANAGATI,
DAR-ES-SALAAM,11,ILALA,12,MZINGA,12126,MAGOLE,
DAR-ES-SALAAM,11,ILALA,12,MZINGA,12126,MZINGA,
DAR-ES-SALAAM,11,ILALA,12,PUGU STATION,12127,BANGULO,
DAR-ES-SALAAM,11,ILALA,12,PUGU STATION,12127,PUGU STATION,
DAR-ES-SALAAM,11,ILALA,12,PUGU STATION,12127,KICHANGANI,
DAR-ES-SALAAM,11,KINONDONI,14,MAGOMENI,14101,SUNA,
DAR-ES-SALAAM,11,KINONDONI,14,MAGOMENI,14101,"MAKUTI ""A""",
DAR-ES-SALAAM,11,KINONDONI,14,MAGOMENI,14101,"MAKUTI ""B""",
DAR-ES-SALAAM,11,KINONDONI,14,MAGOMENI,14101,DOSSI,
DAR-ES-SALAAM,11,KINONDONI,14,MAGOMENI,14101,IDRISA,
DAR-ES-SALAAM,11,KINONDONI,14,MZIMUNI,14102,IDRISA,
DAR-ES-SALAAM,11,KINONDONI,14,MZIMUNI,14102,MAKUMBUSHO,
DAR-ES-SALAAM,11,KINONDONI,14,MZIMUNI,14102,MTAMBANI,
DAR-ES-SALAAM,11,KINONDONI,14,MZIMUNI,14102,MWINYIMKUU,
DAR-ES-SALAAM,11,KINONDONI,14,NDUGUMBI,14104,MPAKANI,
DAR-ES-SALAAM,11,KINONDONI,14,NDUGUMBI,14104,MIKOROSHINI,
DAR-ES-SALAAM,11,KINONDONI,14,NDUGUMBI,14104,MAKANYA,
DAR-ES-SALAAM,11,KINONDONI,14,NDUGUMBI,14104,VIGAENI,
DAR-ES-SALAAM,11,KINONDONI,14,TANDALE,14106,MTOGOLE,
DAR-ES-SALAAM,11,KINONDONI,14,TANDALE,14106,KWA TUMBO,
DAR-ES-SALAAM,11,KINONDONI,14,TANDALE,14106,PAKACHA,
DAR-ES-SALAAM,11,KINONDONI,14,TANDALE,14106,SOKONI,
DAR-ES-SALAAM,11,KINONDONI,14,TANDALE,14106,MKUNDUGE,
DAR-ES-SALAAM,11,KINONDONI,14,TANDALE,14106,MUHALTANI,
DAR-ES-SALAAM,11,KINONDONI,14,MAKUMBUSHO,14107,MAKUMBUSHO,
DAR-ES-SALAAM,11,KINONDONI,14,MAKUMBUSHO,14107,MINAZINI,
DAR-ES-SALAAM,11,KINONDONI,14,MAKUMBUSHO,14107,MCHANGANI,
DAR-ES-SALAAM,11,KINONDONI,14,MAKUMBUSHO,14107,KISIWANI,
DAR-ES-SALAAM,11,KINONDONI,14,MAKUMBUSHO,14107,MBUYUNI,
DAR-ES-SALAAM,11,KINONDONI,14,MAKUMBUSHO,14107,SINGANO,
DAR-ES-SALAAM,11,KINONDONI,14,MWANANYAMALA,14108,KAMBANGWA,
DAR-ES-SALAAM,11,KINONDONI,14,MWANANYAMALA,14108,"MSISIRI ""B""",
DAR-ES-SALAAM,11,KINONDONI,14,MWANANYAMALA,14108,"MSISIRI ""A""",
DAR-ES-SALAAM,11,KINONDONI,14,MWANANYAMALA,14108,BWAWANI,
DAR-ES-SALAAM,11,KINONDONI,14,MWANANYAMALA,14108,MWINJUMA,
DAR-ES-SALAAM,11,KINONDONI,14,MWANANYAMALA,14108,KWA KOPA,
DAR-ES-SALAAM,11,KINONDONI,14,MWANANYAMALA,14108,MSOLOMI,
DAR-ES-SALAAM,11,KINONDONI,14,HANANASIF,14109,HANANASIF,
DAR-ES-SALAAM,11,KINONDONI,14,HANANASIF,14109,KISUTU,
DAR-ES-SALAAM,11,KINONDONI,14,HANANASIF,14109,MKUNGUNI A,
DAR-ES-SALAAM,11,KINONDONI,14,HANANASIF,14109,MKUNGUNI B,
DAR-ES-SALAAM,11,KINONDONI,14,HANANASIF,14109,KAWAWA,
DAR-ES-SALAAM,11,KINONDONI,14,KINONDONI,14110,KUMBUKUMBU,
DAR-ES-SALAAM,11,KINONDONI,14,KINONDONI,14110,KINONDONI MJINI,
DAR-ES-SALAAM,11,KINONDONI,14,KINONDONI,14110,KINONDONI SHAMBA,
DAR-ES-SALAAM,11,KINONDONI,14,KINONDONI,14110,ADA ESTATE,
DAR-ES-SALAAM,11,KINONDONI,14,MSASANI,14111,OYSTERBAY,
DAR-ES-SALAAM,11,KINONDONI,14,MSASANI,14111,MASAKI,
DAR-ES-SALAAM,11,KINONDONI,14,MSASANI,14111,MIKOROSHONI,
DAR-ES-SALAAM,11,KINONDONI,14,MSASANI,14111,BONDE LA MPUNGA,
DAR-ES-SALAAM,11,KINONDONI,14,MSASANI,14111,MAKANGIRA,
DAR-ES-SALAAM,11,KINONDONI,14,MIKOCHENI,14112,"MIKOCHENI ""A""",
DAR-ES-SALAAM,11,KINONDONI,14,MIKOCHENI,14112,"MIKOCHENI ""B""",
DAR-ES-SALAAM,11,KINONDONI,14,MIKOCHENI,14112,REGENT ESTATE,
DAR-ES-SALAAM,11,KINONDONI,14,MIKOCHENI,14112,ALLY H. MWINYI,
DAR-ES-SALAAM,11,KINONDONI,14,MIKOCHENI,14112,TPDC,
DAR-ES-SALAAM,11,KINONDONI,14,MIKOCHENI,14112,DARAJANI,
DAR-ES-SALAAM,11,KINONDONI,14,KIJITONYAMA,14113,KIJITONYAMA,
DAR-ES-SALAAM,11,KINONDONI,14,KIJITONYAMA,14113,"ALIMAUA ""A""",
DAR-ES-SALAAM,11,KINONDONI,14,KIJITONYAMA,14113,"ALIMAUA ""B""",
DAR-ES-SALAAM,11,KINONDONI,14,KIJITONYAMA,14113,"MPAKANI ""A""",
DAR-ES-SALAAM,11,KINONDONI,14,KIJITONYAMA,14113,"MPAKANI ""B""",
DAR-ES-SALAAM,11,KINONDONI,14,KIJITONYAMA,14113,BWAWANI,
DAR-ES-SALAAM,11,KINONDONI,14,KIJITONYAMA,14113,MWENGE,
DAR-ES-SALAAM,11,KINONDONI,14,KIJITONYAMA,14113,NZASA,
DAR-ES-SALAAM,11,KINONDONI,14,KIGOGO,14118,KIGOGO KATI,
DAR-ES-SALAAM,11,KINONDONI,14,KIGOGO,14118,KIGOGO MKWAJUNI,
DAR-ES-SALAAM,11,KINONDONI,14,KIGOGO,14118,KIGOGO MBUYUNI,
DAR-ES-SALAAM,11,KINONDONI,14,KAWE,14121,MZIMUNI,
DAR-ES-SALAAM,11,KINONDONI,14,KAWE,14121,UKWAMANI,
DAR-ES-SALAAM,11,KINONDONI,14,KAWE,14121,"MBEZI  BEACH  ""A""",
DAR-ES-SALAAM,11,KINONDONI,14,KAWE,14121,"MBEZI  BEACH  ""B""",
DAR-ES-SALAAM,11,KINONDONI,14,KUNDUCHI,14122,PWANI,
DAR-ES-SALAAM,11,KINONDONI,14,KUNDUCHI,14122,KILONGAWIMA,
DAR-ES-SALAAM,11,KINONDONI,14,KUNDUCHI,14122,MTONGANI,
DAR-ES-SALAAM,11,KINONDONI,14,KUNDUCHI,14122,TEGETA,
DAR-ES-SALAAM,11,KINONDONI,14,KUNDUCHI,14122,UNUNIO,
DAR-ES-SALAAM,11,KINONDONI,14,KUNDUCHI,14122,KONDO,
DAR-ES-SALAAM,11,KINONDONI,14,BUNJU,14125,BOKO,
DAR-ES-SALAAM,11,KINONDONI,14,BUNJU,14125,"BUNJU ""A""",
DAR-ES-SALAAM,11,KINONDONI,14,BUNJU,14125,KILUNGULE,
DAR-ES-SALAAM,11,KINONDONI,14,BUNJU,14125,BUSIHAYA,
DAR-ES-SALAAM,11,KINONDONI,14,BUNJU,14125,DOVYA,
DAR-ES-SALAAM,11,KINONDONI,14,BUNJU,14125,MKOANI,
DAR-ES-SALAAM,11,KINONDONI,14,MBWENI,14126,MAPUTO,
DAR-ES-SALAAM,11,KINONDONI,14,MBWENI,14126,MBWENI,
DAR-ES-SALAAM,11,KINONDONI,14,MBWENI,14126,TETA,
DAR-ES-SALAAM,11,KINONDONI,14,MBWENI,14126,MALINDI ESTATE,
DAR-ES-SALAAM,11,KINONDONI,14,MBWENI,14126,MPIJI MBWENI,
DAR-ES-SALAAM,11,KINONDONI,14,MBEZI JUU,14128,JOGOO,
DAR-ES-SALAAM,11,KINONDONI,14,MBEZI JUU,14128,NDUMBWI,
DAR-ES-SALAAM,11,KINONDONI,14,MBEZI JUU,14128,MBEZI MTONI,
DAR-ES-SALAAM,11,KINONDONI,14,MBEZI JUU,14128,MBEZI KATI,
DAR-ES-SALAAM,11,KINONDONI,14,MBEZI JUU,14128,MBEZI JUU,
DAR-ES-SALAAM,11,KINONDONI,14,MAKONGO,14129,CHANGANYIKENI,
DAR-ES-SALAAM,11,KINONDONI,14,MAKONGO,14129,MBUYUNI,
DAR-ES-SALAAM,11,KINONDONI,14,MAKONGO,14129,MLALAKUWA,
DAR-ES-SALAAM,11,KINONDONI,14,MAKONGO,14129,MAKONGO,
DAR-ES-SALAAM,11,KINONDONI,14,WAZO,14130,WAZO,
DAR-ES-SALAAM,11,KINONDONI,14,WAZO,14130,SALASALA,
DAR-ES-SALAAM,11,KINONDONI,14,WAZO,14130,KILIMAHEWA,
DAR-ES-SALAAM,11,KINONDONI,14,WAZO,14130,MADALE,
DAR-ES-SALAAM,11,KINONDONI,14,WAZO,14130,MIVUMONI,
DAR-ES-SALAAM,11,KINONDONI,14,WAZO,14130,KISANGA,
DAR-ES-SALAAM,11,KINONDONI,14,WAZO,14130,KILIMAHEWA JUU,
DAR-ES-SALAAM,11,KINONDONI,14,WAZO,14130,NAKASANGWE,
DAR-ES-SALAAM,11,KINONDONI,14,MABWEPANDE,14134,"BUNJU ""B'",
DAR-ES-SALAAM,11,KINONDONI,14,MABWEPANDE,14134,MABWE PANDE,
DAR-ES-SALAAM,11,KINONDONI,14,MABWEPANDE,14134,MJIMPYA,
DAR-ES-SALAAM,11,KINONDONI,14,MABWEPANDE,14134,KIHONZILE,
DAR-ES-SALAAM,11,KINONDONI,14,MABWEPANDE,14134,MBOPO,
DAR-ES-SALAAM,11,TEMEKE,15,TEMEKE,15101,MAGANGA,
DAR-ES-SALAAM,11,TEMEKE,15,TEMEKE,15101,MATUMBI,
DAR-ES-SALAAM,11,TEMEKE,15,TEMEKE,15101,NJARO,
DAR-ES-SALAAM,11,TEMEKE,15,TEMEKE,15101,TEMEKE,
DAR-ES-SALAAM,11,TEMEKE,15,SANDALI,15102,"MAMBOLEO ""A""",
DAR-ES-SALAAM,11,TEMEKE,15,SANDALI,15102,SANDALI,
DAR-ES-SALAAM,11,TEMEKE,15,SANDALI,15102,"MAMBOLEO ""B""",
DAR-ES-SALAAM,11,TEMEKE,15,SANDALI,15102,MPOGO,
DAR-ES-SALAAM,11,TEMEKE,15,SANDALI,15102,MWEMBELADU,
DAR-ES-SALAAM,11,TEMEKE,15,SANDALI,15102,TINDWA,
DAR-ES-SALAAM,11,TEMEKE,15,SANDALI,15102,MKWIDA,
DAR-ES-SALAAM,11,TEMEKE,15,SANDALI,15102,VETERINARY,
DAR-ES-SALAAM,11,TEMEKE,15,SANDALI,15102,USALAMA,
DAR-ES-SALAAM,11,TEMEKE,15,SANDALI,15102,KIMBUNGA,
DAR-ES-SALAAM,11,TEMEKE,15,SANDALI,15102,MWEMBEMNOFU,
DAR-ES-SALAAM,11,TEMEKE,15,SANDALI,15102,KISIWANI,
DAR-ES-SALAAM,11,TEMEKE,15,CHANG’OMBE,15103,BORA,
DAR-ES-SALAAM,11,TEMEKE,15,CHANG’OMBE,15103,TOROLI,
DAR-ES-SALAAM,11,TEMEKE,15,CHANG’OMBE,15103,"CHANG'OMBE ""A""",
DAR-ES-SALAAM,11,TEMEKE,15,CHANG’OMBE,15103,"CHANG'OMBE ""B""",
DAR-ES-SALAAM,11,TEMEKE,15,KEKO,15104,"KEKO ""B""",
DAR-ES-SALAAM,11,TEMEKE,15,KEKO,15104,"KEKO MWANGA ""A""",
DAR-ES-SALAAM,11,TEMEKE,15,KEKO,15104,"KEKO MWANGA ""B""",
DAR-ES-SALAAM,11,TEMEKE,15,KEKO,15104,"KEKO MAGURUMBASI ""A""",
DAR-ES-SALAAM,11,TEMEKE,15,KEKO,15104,"KEKO MAGURUMBASI ""B""",
DAR-ES-SALAAM,11,TEMEKE,15,MIBURANI,15105,MIBURANI,
DAR-ES-SALAAM,11,TEMEKE,15,MIBURANI,15105,UWANJA WA TAIFA,
DAR-ES-SALAAM,11,TEMEKE,15,MIBURANI,15105,WAILES,
DAR-ES-SALAAM,11,TEMEKE,15,MIBURANI,15105,KEKO MACHUNGWA,
DAR-ES-SALAAM,11,TEMEKE,15,MIBURANI,15105,MGULANI (KEKO JUU),
DAR-ES-SALAAM,11,TEMEKE,15,AZIMIO,15106,AZIMIO KASKAZINI,
DAR-ES-SALAAM,11,TEMEKE,15,AZIMIO,15106,AZIMIO KUSINI,
DAR-ES-SALAAM,11,TEMEKE,15,AZIMIO,15106,KICHANGANI,
DAR-ES-SALAAM,11,TEMEKE,15,AZIMIO,15106,TAMBUKARELI,
DAR-ES-SALAAM,11,TEMEKE,15,AZIMIO,15106,MJI MPYA,
DAR-ES-SALAAM,11,TEMEKE,15,AZIMIO,15106,MTONGANI,
DAR-ES-SALAAM,11,TEMEKE,15,AZIMIO,15106,MTONI UNGUJA,
DAR-ES-SALAAM,11,TEMEKE,15,AZIMIO,15106,MBUYUNI,
DAR-ES-SALAAM,11,TEMEKE,15,TANDIKA,15107,TAMLA,
DAR-ES-SALAAM,11,TEMEKE,15,TANDIKA,15107,MAGURUWE,
DAR-ES-SALAAM,11,TEMEKE,15,TANDIKA,15107,KILIMAHEWA,
DAR-ES-SALAAM,11,TEMEKE,15,TANDIKA,15107,TANDIKA,
DAR-ES-SALAAM,11,TEMEKE,15,TANDIKA,15107,NYAMBWERA,
DAR-ES-SALAAM,11,TEMEKE,15,TANDIKA,15107,MABATINI,
DAR-ES-SALAAM,11,TEMEKE,15,MTONI,15108,MTONI,
DAR-ES-SALAAM,11,TEMEKE,15,MTONI,15108,SABASABA,
DAR-ES-SALAAM,11,TEMEKE,15,MTONI,15108,BUSTANI,
DAR-ES-SALAAM,11,TEMEKE,15,MTONI,15108,RELINI,
DAR-ES-SALAAM,11,TEMEKE,15,MTONI,15108,CHAUREMBO,
DAR-ES-SALAAM,11,TEMEKE,15,MTONI,15108,BOKORANI,
DAR-ES-SALAAM,11,TEMEKE,15,KURASINI,15109,SHIMO LA UDONGO,
DAR-ES-SALAAM,11,TEMEKE,15,KURASINI,15109,MIVINJENI,
DAR-ES-SALAAM,11,TEMEKE,15,KURASINI,15109,MINAZINI,
DAR-ES-SALAAM,11,TEMEKE,15,KURASINI,15109,KURASINI,
DAR-ES-SALAAM,11,TEMEKE,15,KURASINI,15109,KIUNGANI,
DAR-ES-SALAAM,11,TEMEKE,15,MBAGALA KUU,15112,KIZUIANI,
DAR-ES-SALAAM,11,TEMEKE,15,MBAGALA KUU,15112,"KIBONDE MAJI ""B""",
DAR-ES-SALAAM,11,TEMEKE,15,MBAGALA KUU,15112,KICHEMCHEM,
DAR-ES-SALAAM,11,TEMEKE,15,MBAGALA KUU,15112,JESHI LA WOKOVU,
DAR-ES-SALAAM,11,TEMEKE,15,MBAGALA KUU,15112,MBAGALA KUU MASHARIKI,
DAR-ES-SALAAM,11,TEMEKE,15,MBAGALA KUU,15112,MBAGALA KUU MAGHARIBI,
DAR-ES-SALAAM,11,TEMEKE,15,MBAGALA KUU,15112,MBAGALA KUU KASKAZINI,
DAR-ES-SALAAM,11,TEMEKE,15,MBAGALA KUU,15112,MAKUKA KUSINI,
DAR-ES-SALAAM,11,TEMEKE,15,MBAGALA KUU,15112,MAKUKA KASKAZINI,
DAR-ES-SALAAM,11,TEMEKE,15,MBAGALA KUU,15112,MPAKANI,
DAR-ES-SALAAM,11,TEMEKE,15,MBAGALA,15113,MBAGALA,
DAR-ES-SALAAM,11,TEMEKE,15,MBAGALA,15113,KIZINGA,
DAR-ES-SALAAM,11,TEMEKE,15,MBAGALA,15113,MANGAYA,
DAR-ES-SALAAM,11,TEMEKE,15,MBAGALA,15113,MORINGE,
DAR-ES-SALAAM,11,TEMEKE,15,MBAGALA,15113,BUGHUDADI,
DAR-ES-SALAAM,11,TEMEKE,15,MBAGALA,15113,SERENGE,
DAR-ES-SALAAM,11,TEMEKE,15,MAKANGARAWE,15114,MAKANGARAWE,
DAR-ES-SALAAM,11,TEMEKE,15,MAKANGARAWE,15114,YOMBO DOVYA,
DAR-ES-SALAAM,11,TEMEKE,15,MAKANGARAWE,15114,MSAKALA,
DAR-ES-SALAAM,11,TEMEKE,15,MAKANGARAWE,15114,UWAZI,
DAR-ES-SALAAM,11,TEMEKE,15,MAKANGARAWE,15114,MBONDE,
DAR-ES-SALAAM,11,TEMEKE,15,YOMBO VITUKA,15115,YOMBO VITUKA,
DAR-ES-SALAAM,11,TEMEKE,15,YOMBO VITUKA,15115,SIGARA,
DAR-ES-SALAAM,11,TEMEKE,15,YOMBO VITUKA,15115,MACHIMBO,
DAR-ES-SALAAM,11,TEMEKE,15,YOMBO VITUKA,15115,MAGOGONI,
DAR-ES-SALAAM,11,TEMEKE,15,YOMBO VITUKA,15115,MZAMBARAUNI,
DAR-ES-SALAAM,11,TEMEKE,15,CHAMAZI,15116,MAGENGENI,
DAR-ES-SALAAM,11,TEMEKE,15,CHAMAZI,15116,MWEMBEBAMIA,
DAR-ES-SALAAM,11,TEMEKE,15,CHAMAZI,15116,KIPONZA,
DAR-ES-SALAAM,11,TEMEKE,15,CHAMAZI,15116,KISEWE,
DAR-ES-SALAAM,11,TEMEKE,15,CHAMAZI,15116,RUFU,
DAR-ES-SALAAM,11,TEMEKE,15,CHAMAZI,15116,MSUFINI,
DAR-ES-SALAAM,11,TEMEKE,15,CHAMAZI,15116,VIGOA,
DAR-ES-SALAAM,11,TEMEKE,15,CHAMAZI,15116,DOVYA,
DAR-ES-SALAAM,11,TEMEKE,15,CHAMAZI,15116,MKONDOGWA,
DAR-ES-SALAAM,11,TEMEKE,15,CHARAMBE,15117,KURASINI MJI MPYA,
DAR-ES-SALAAM,11,TEMEKE,15,CHARAMBE,15117,"NZASA ""B""",
DAR-ES-SALAAM,11,TEMEKE,15,CHARAMBE,15117,RANGI TATU,
DAR-ES-SALAAM,11,TEMEKE,15,CHARAMBE,15117,MACHINJIONI A,
DAR-ES-SALAAM,11,TEMEKE,15,TOANGOMA,15118,TOANGOMA,
DAR-ES-SALAAM,11,TEMEKE,15,TOANGOMA,15118,MALELA,
DAR-ES-SALAAM,11,TEMEKE,15,TOANGOMA,15118,VIKUNAI,
DAR-ES-SALAAM,11,TEMEKE,15,TOANGOMA,15118,MASULIZA,
DAR-ES-SALAAM,11,TEMEKE,15,TOANGOMA,15118,MASAKI,
DAR-ES-SALAAM,11,TEMEKE,15,TOANGOMA,15118,MIKWAMBE,
DAR-ES-SALAAM,11,TEMEKE,15,TOANGOMA,15118,CHANGANYIKENI,
DAR-ES-SALAAM,11,TEMEKE,15,TOANGOMA,15118,MWAPEMBA,
DAR-ES-SALAAM,11,TEMEKE,15,TOANGOMA,15118,PONDE,
DAR-ES-SALAAM,11,TEMEKE,15,TOANGOMA,15118,KONGOWE,
DAR-ES-SALAAM,11,TEMEKE,15,TOANGOMA,15118,GOROKA 'A',
DAR-ES-SALAAM,11,TEMEKE,15,TOANGOMA,15118,GOROKA 'B',
DAR-ES-SALAAM,11,TEMEKE,15,TOANGOMA,15118,MZINGA 'A',
DAR-ES-SALAAM,11,TEMEKE,15,TOANGOMA,15118,MZINGA 'B',
DAR-ES-SALAAM,11,TEMEKE,15,BUZA,15125,BUZA,
DAR-ES-SALAAM,11,TEMEKE,15,BUZA,15125,MJI MPYA,
DAR-ES-SALAAM,11,TEMEKE,15,BUZA,15125,MASHINE YA MAJI,
DAR-ES-SALAAM,11,TEMEKE,15,BUZA,15125,KIDAGAA,
DAR-ES-SALAAM,11,TEMEKE,15,BUZA,15125,AMANI,
DAR-ES-SALAAM,11,TEMEKE,15,KILAKALA,15127,BARABARA YA MWINYI,
DAR-ES-SALAAM,11,TEMEKE,15,KILAKALA,15127,KILAKALA,
DAR-ES-SALAAM,11,TEMEKE,15,KILAKALA,15127,KIGUNGA,
DAR-ES-SALAAM,11,TEMEKE,15,KILAKALA,15127,KIEMBESAMAKI,
DAR-ES-SALAAM,11,TEMEKE,15,KILAKALA,15127,YOMBO RELI,
DAR-ES-SALAAM,11,TEMEKE,15,KIBURUGWA,15128,JUHUDI,
DAR-ES-SALAAM,11,TEMEKE,15,KIBURUGWA,15128,KIBURUGWA NAMBA3,
DAR-ES-SALAAM,11,TEMEKE,15,KIBURUGWA,15128,KWANYOKA,
DAR-ES-SALAAM,11,TEMEKE,15,KIBURUGWA,15128,KINGUGI,
DAR-ES-SALAAM,11,TEMEKE,15,KIBURUGWA,15128,BARABARA YA MWINYI,
DAR-ES-SALAAM,11,TEMEKE,15,KIBURUGWA,15128,KIBURUGWA,
DAR-ES-SALAAM,11,TEMEKE,15,KIJICHI,15129,MGENI NANI,
DAR-ES-SALAAM,11,TEMEKE,15,KIJICHI,15129,MISHENI,
DAR-ES-SALAAM,11,TEMEKE,15,KIJICHI,15129,MTONI KIJICHI,
DAR-ES-SALAAM,11,TEMEKE,15,KIJICHI,15129,BUTIAMA,
DAR-ES-SALAAM,11,TEMEKE,15,KIJICHI,15129,MWANAMTOTI,
DAR-ES-SALAAM,11,TEMEKE,15,MIANZINI,15130,MAJIMATITU A,
DAR-ES-SALAAM,11,TEMEKE,15,MIANZINI,15130,MACHINJIONI,
DAR-ES-SALAAM,11,TEMEKE,15,MIANZINI,15130,MPONDA,
DAR-ES-SALAAM,11,TEMEKE,15,MIANZINI,15130,MIANZINI,
DAR-ES-SALAAM,11,TEMEKE,15,KIBONDEMAJI,15131,MAJIMATITU,
DAR-ES-SALAAM,11,TEMEKE,15,KIBONDEMAJI,15131,KIBONDEMAJI A,
DAR-ES-SALAAM,11,TEMEKE,15,KIBONDEMAJI,15131,MCHIKICHINI,
DAR-ES-SALAAM,11,TEMEKE,15,KIBONDEMAJI,15131,KIMBANGULILE,
DAR-ES-SALAAM,11,TEMEKE,15,KILUNGULE,15132,KILUNGULE,
DAR-ES-SALAAM,11,TEMEKE,15,KILUNGULE,15132,NZASA A,
DAR-ES-SALAAM,11,TEMEKE,15,KILUNGULE,15132,MAJIMATITU B,
DAR-ES-SALAAM,11,TEMEKE,15,KILUNGULE,15132,KWA MZUNGU,
DAR-ES-SALAAM,11,TEMEKE,15,KILUNGULE,15132,UZOMBOKONI,
DAR-ES-SALAAM,11,UBUNGO,16,MBURAHATI,16101,KISIWANI,
DAR-ES-SALAAM,11,UBUNGO,16,MBURAHATI,16101,NATIONAL HOUSING CORP,
DAR-ES-SALAAM,11,UBUNGO,16,MBURAHATI,16101,BARAFU,
DAR-ES-SALAAM,11,UBUNGO,16,SINZA,16102,"SINZA ""A""",
DAR-ES-SALAAM,11,UBUNGO,16,SINZA,16102,"SINZA ""B""",
DAR-ES-SALAAM,11,UBUNGO,16,SINZA,16102,"SINZA ""C""",
DAR-ES-SALAAM,11,UBUNGO,16,SINZA,16102,"SINZA ""D""",
DAR-ES-SALAAM,11,UBUNGO,16,SINZA,16102,"SINZA ""E""",
DAR-ES-SALAAM,11,UBUNGO,16,UBUNGO,16103,CHUO KIKUU,
DAR-ES-SALAAM,11,UBUNGO,16,UBUNGO,16103,KISIWANI,
DAR-ES-SALAAM,11,UBUNGO,16,UBUNGO,16103,KIBO,
DAR-ES-SALAAM,11,UBUNGO,16,UBUNGO,16103,MSEWE,
DAR-ES-SALAAM,11,UBUNGO,16,UBUNGO,16103,NATIONAL HOUSING CORP.,
DAR-ES-SALAAM,11,UBUNGO,16,KIMARA,16104,BARUTI,
DAR-ES-SALAAM,11,UBUNGO,16,KIMARA,16104,KIMARA BARUTI,
DAR-ES-SALAAM,11,UBUNGO,16,KIMARA,16104,MAVURUNZA,
DAR-ES-SALAAM,11,UBUNGO,16,KIMARA,16104,"KILUNGULE ""A""",
DAR-ES-SALAAM,11,UBUNGO,16,KIMARA,16104,"KILUNGULE  ""B""",
DAR-ES-SALAAM,11,UBUNGO,16,KIMARA,16104,GOLANI,
DAR-ES-SALAAM,11,UBUNGO,16,SARANGA,16105,SARANGA,
DAR-ES-SALAAM,11,UBUNGO,16,SARANGA,16105,UPENDO,
DAR-ES-SALAAM,11,UBUNGO,16,SARANGA,16105,"KIMARA""B""",
DAR-ES-SALAAM,11,UBUNGO,16,SARANGA,16105,MATANGINI,
DAR-ES-SALAAM,11,UBUNGO,16,SARANGA,16105,STOP OVER,
DAR-ES-SALAAM,11,UBUNGO,16,SARANGA,16105,KING'ONGO,
DAR-ES-SALAAM,11,UBUNGO,16,SARANGA,16105,MICHUNGWANI,
DAR-ES-SALAAM,11,UBUNGO,16,SARANGA,16105,UKOMBOZI,
DAR-ES-SALAAM,11,UBUNGO,16,SARANGA,16105,MJI MPYA,
DAR-ES-SALAAM,11,UBUNGO,16,MAKUBURI,16106,MWONGOZO,
DAR-ES-SALAAM,11,UBUNGO,16,MAKUBURI,16106,MAKOKA,
DAR-ES-SALAAM,11,UBUNGO,16,MAKUBURI,16106,KIBANGU,
DAR-ES-SALAAM,11,UBUNGO,16,MAKUBURI,16106,MAKUBURI KIBANGU,
DAR-ES-SALAAM,11,UBUNGO,16,MAKUBURI,16106,KAJIMA,
DAR-ES-SALAAM,11,UBUNGO,16,MAKURUMLA,16107,KWA JONGO,
DAR-ES-SALAAM,11,UBUNGO,16,MAKURUMLA,16107,KIMAMBA,
DAR-ES-SALAAM,11,UBUNGO,16,MAKURUMLA,16107,KILIMAHEWA,
DAR-ES-SALAAM,11,UBUNGO,16,MAKURUMLA,16107,KAGERA,
DAR-ES-SALAAM,11,UBUNGO,16,MAKURUMLA,16107,MIANZINI,
DAR-ES-SALAAM,11,UBUNGO,16,MAKURUMLA,16107,SISI KWA SISI,
DAR-ES-SALAAM,11,UBUNGO,16,MANZESE,16108,MIDIZINI,
DAR-ES-SALAAM,11,UBUNGO,16,MANZESE,16108,KILIMANI,
DAR-ES-SALAAM,11,UBUNGO,16,MANZESE,16108,MNAZI MMOJA,
DAR-ES-SALAAM,11,UBUNGO,16,MANZESE,16108,MUUNGANO,
DAR-ES-SALAAM,11,UBUNGO,16,MANZESE,16108,UZURI,
DAR-ES-SALAAM,11,UBUNGO,16,MANZESE,16108,MVULENI,
DAR-ES-SALAAM,11,UBUNGO,16,MANZESE,16108,MWEMBENI,
DAR-ES-SALAAM,11,UBUNGO,16,MANZESE,16108,CHAKULA BORA,
DAR-ES-SALAAM,11,UBUNGO,16,MANZESE,16108,TUPENDANE,
DAR-ES-SALAAM,11,UBUNGO,16,MANZESE,16108,MFEREJINI,
DAR-ES-SALAAM,11,UBUNGO,16,MABIBO,16109,MABIBO,
DAR-ES-SALAAM,11,UBUNGO,16,MABIBO,16109,JITEGEMEE,
DAR-ES-SALAAM,11,UBUNGO,16,MABIBO,16109,AZIMIO,
DAR-ES-SALAAM,11,UBUNGO,16,MABIBO,16109,KANUNI,
DAR-ES-SALAAM,11,UBUNGO,16,MABIBO,16109,MATOKEO,
DAR-ES-SALAAM,11,UBUNGO,16,MABIBO,16109,MABIBO FARASI,
DAR-ES-SALAAM,11,UBUNGO,16,KIBAMBA,16110,KIBWEGERE,
DAR-ES-SALAAM,11,UBUNGO,16,KIBAMBA,16110,KIBAMBA,
DAR-ES-SALAAM,11,UBUNGO,16,KIBAMBA,16110,HONDOGO,
DAR-ES-SALAAM,11,UBUNGO,16,KIBAMBA,16110,GOGONI,
DAR-ES-SALAAM,11,UBUNGO,16,KIBAMBA,16110,KILUVYA,
DAR-ES-SALAAM,11,UBUNGO,16,KWEMBE,16111,KWEMBE,
DAR-ES-SALAAM,11,UBUNGO,16,KWEMBE,16111,MPAKANI,
DAR-ES-SALAAM,11,UBUNGO,16,KWEMBE,16111,KING'AZI,
DAR-ES-SALAAM,11,UBUNGO,16,KWEMBE,16111,LUGURUNI,
DAR-ES-SALAAM,11,UBUNGO,16,KWEMBE,16111,KISOPWA,
DAR-ES-SALAAM,11,UBUNGO,16,KWEMBE,16111,NJETENI,
DAR-ES-SALAAM,11,UBUNGO,16,KWEMBE,16111,KING'AZI B,
DAR-ES-SALAAM,11,UBUNGO,16,KWEMBE,16111,MJIMPYA,
DAR-ES-SALAAM,11,UBUNGO,16,KWEMBE,16111,MSAKUZI,
DAR-ES-SALAAM,11,UBUNGO,16,KWEMBE,16111,MLONGAZILA,
DAR-ES-SALAAM,11,UBUNGO,16,GOBA,16112,GOBA,
DAR-ES-SALAAM,11,UBUNGO,16,GOBA,16112,MATOSA,
DAR-ES-SALAAM,11,UBUNGO,16,GOBA,16112,KULANGWA,
DAR-ES-SALAAM,11,UBUNGO,16,GOBA,16112,KINZUDI,
DAR-ES-SALAAM,11,UBUNGO,16,GOBA,16112,KUNGURU,
DAR-ES-SALAAM,11,UBUNGO,16,GOBA,16112,KIBULULU,
DAR-ES-SALAAM,11,UBUNGO,16,GOBA,16112,TEGETA A,
DAR-ES-SALAAM,11,UBUNGO,16,GOBA,16112,MUUNGANO,
DAR-ES-SALAAM,11,UBUNGO,16,MBEZI,16113,MSAKUZI,
DAR-ES-SALAAM,11,UBUNGO,16,MBEZI,16113,MSUMI,
DAR-ES-SALAAM,11,UBUNGO,16,MBEZI,16113,MBEZI LUIS,
DAR-ES-SALAAM,11,UBUNGO,16,MBEZI,16113,MPIJI MAGOHE,
DAR-ES-SALAAM,11,UBUNGO,16,MBEZI,16113,MAKABE,
DAR-ES-SALAAM,11,UBUNGO,16,MBEZI,16113,MSHIKAMANO,
DAR-ES-SALAAM,11,UBUNGO,16,MBEZI,16113,MSAKUZI KUSINI,
DAR-ES-SALAAM,11,UBUNGO,16,MBEZI,16113,LUIS,
DAR-ES-SALAAM,11,UBUNGO,16,MSIGANI,16114,TEMBONI,
DAR-ES-SALAAM,11,UBUNGO,16,MSIGANI,16114,MALAMBA MAWILI,
DAR-ES-SALAAM,11,UBUNGO,16,MSIGANI,16114,KWA YUSUPH,
DAR-ES-SALAAM,11,UBUNGO,16,MSIGANI,16114,MSIGANI,
DAR-ES-SALAAM,11,UBUNGO,16,MSIGANI,16114,MSINGWA,
DAR-ES-SALAAM,11,KIGAMBONI,17,KIMBIJI,17101,GOLANI,
DAR-ES-SALAAM,11,KIGAMBONI,17,KIMBIJI,17101,KWA CHALE,
DAR-ES-SALAAM,11,KIGAMBONI,17,KIMBIJI,17101,MIKENGE,
DAR-ES-SALAAM,11,KIGAMBONI,17,KIMBIJI,17101,NGOBANYA,
DAR-ES-SALAAM,11,KIGAMBONI,17,KIMBIJI,17101,KIZITO HUONJWA,
DAR-ES-SALAAM,11,KIGAMBONI,17,KIMBIJI,17101,KIJAKA,
DAR-ES-SALAAM,11,KIGAMBONI,17,SOMANGILA,17102,KIZANI,
DAR-ES-SALAAM,11,KIGAMBONI,17,SOMANGILA,17102,MBWAMAJI,
DAR-ES-SALAAM,11,KIGAMBONI,17,SOMANGILA,17102,MWERA,
DAR-ES-SALAAM,11,KIGAMBONI,17,SOMANGILA,17102,DEGE,
DAR-ES-SALAAM,11,KIGAMBONI,17,SOMANGILA,17102,MALIMBIKA,
DAR-ES-SALAAM,11,KIGAMBONI,17,SOMANGILA,17102,VISIKINI,
DAR-ES-SALAAM,11,KIGAMBONI,17,SOMANGILA,17102,BAMBA,
DAR-ES-SALAAM,11,KIGAMBONI,17,SOMANGILA,17102,MWANZO MGUMU,
DAR-ES-SALAAM,11,KIGAMBONI,17,SOMANGILA,17102,SHIRIKISHO,
DAR-ES-SALAAM,11,KIGAMBONI,17,SOMANGILA,17102,MINONDO,
DAR-ES-SALAAM,11,KIGAMBONI,17,SOMANGILA,17102,SARA,
DAR-ES-SALAAM,11,KIGAMBONI,17,SOMANGILA,17102,MKWAJUNI,
DAR-ES-SALAAM,11,KIGAMBONI,17,SOMANGILA,17102,KICHANGANI,
DAR-ES-SALAAM,11,KIGAMBONI,17,TUNGI,17103,TUNGI,
DAR-ES-SALAAM,11,KIGAMBONI,17,TUNGI,17103,MAGOGONI,
DAR-ES-SALAAM,11,KIGAMBONI,17,TUNGI,17103,MUUNGANO,
DAR-ES-SALAAM,11,KIGAMBONI,17,KISARAWE II,17104,TUMAINI,
DAR-ES-SALAAM,11,KIGAMBONI,17,KISARAWE II,17104,KIGOGO,
DAR-ES-SALAAM,11,KIGAMBONI,17,KISARAWE II,17104,MWASONGA,
DAR-ES-SALAAM,11,KIGAMBONI,17,KISARAWE II,17104,SHARIFU,
DAR-ES-SALAAM,11,KIGAMBONI,17,KISARAWE II,17104,VUMILIA UKOONI,
DAR-ES-SALAAM,11,KIGAMBONI,17,KISARAWE II,17104,NGOMA MAPINDUZI,
DAR-ES-SALAAM,11,KIGAMBONI,17,KISARAWE II,17104,MWANINGA,
DAR-ES-SALAAM,11,KIGAMBONI,17,KISARAWE II,17104,MKAMBA,
DAR-ES-SALAAM,11,KIGAMBONI,17,KISARAWE II,17104,LINGATO,
DAR-ES-SALAAM,11,KIGAMBONI,17,KISARAWE II,17104,MADEGE,
DAR-ES-SALAAM,11,KIGAMBONI,17,KISARAWE II,17104,KICHANGANI,
DAR-ES-SALAAM,11,KIGAMBONI,17,PEMBAMNAZI,17105,POTEA,
DAR-ES-SALAAM,11,KIGAMBONI,17,PEMBAMNAZI,17105,PU CENTRE,
DAR-ES-SALAAM,11,KIGAMBONI,17,PEMBAMNAZI,17105,KWA MORISI,
DAR-ES-SALAAM,11,KIGAMBONI,17,PEMBAMNAZI,17105,GULUBWIDA,
DAR-ES-SALAAM,11,KIGAMBONI,17,PEMBAMNAZI,17105,MAHENGE,
DAR-ES-SALAAM,11,KIGAMBONI,17,PEMBAMNAZI,17105,TUNDWI CENTRE,
DAR-ES-SALAAM,11,KIGAMBONI,17,PEMBAMNAZI,17105,SONGANI CENTRE,
DAR-ES-SALAAM,11,KIGAMBONI,17,PEMBAMNAZI,17105,PEMBA CENTRE,
DAR-ES-SALAAM,11,KIGAMBONI,17,PEMBAMNAZI,17105,BUYUNI CENTRE,
DAR-ES-SALAAM,11,KIGAMBONI,17,PEMBAMNAZI,17105,KIBUNGO,
DAR-ES-SALAAM,11,KIGAMBONI,17,PEMBAMNAZI,17105,KICHANGANI,
DAR-ES-SALAAM,11,KIGAMBONI,17,PEMBAMNAZI,17105,MUHIMBILI,
DAR-ES-SALAAM,11,KIGAMBONI,17,PEMBAMNAZI,17105,NYANGE,
DAR-ES-SALAAM,11,KIGAMBONI,17,PEMBAMNAZI,17105,CHAMBEWA,
DAR-ES-SALAAM,11,KIGAMBONI,17,PEMBAMNAZI,17105,MTIMWEUPE,
DAR-ES-SALAAM,11,KIGAMBONI,17,MJIMWEMA,17106,MAWENI,
DAR-ES-SALAAM,11,KIGAMBONI,17,MJIMWEMA,17106,UNGINDONI,
DAR-ES-SALAAM,11,KIGAMBONI,17,MJIMWEMA,17106,MJIMWEMA,
DAR-ES-SALAAM,11,KIGAMBONI,17,MJIMWEMA,17106,KIBUGUMO,
DAR-ES-SALAAM,11,KIGAMBONI,17,KIGAMBONI,17107,KIGAMBONI,
DAR-ES-SALAAM,11,KIGAMBONI,17,KIGAMBONI,17107,FERRY,
DAR-ES-SALAAM,11,KIGAMBONI,17,KIGAMBONI,17107,TUAMOYO,
DAR-ES-SALAAM,11,KIGAMBONI,17,VIJIBWENI,17108,VIJIBWENI,
DAR-ES-SALAAM,11,KIGAMBONI,17,VIJIBWENI,17108,KIBENE,
DAR-ES-SALAAM,11,KIGAMBONI,17,VIJIBWENI,17108,MKWAJUNI,
DAR-ES-SALAAM,11,KIGAMBONI,17,VIJIBWENI,17108,KISIWANI,
DAR-ES-SALAAM,11,KIGAMBONI,17,VIJIBWENI,17108,UPENDO,
DAR-ES-SALAAM,11,KIGAMBONI,17,VIJIBWENI,17108,MAJENGO,
DAR-ES-SALAAM,11,KIGAMBONI,17,KIBADA,17109,NYAKWALE,
DAR-ES-SALAAM,11,KIGAMBONI,17,KIBADA,17109,KICHANGANI,
DAR-ES-SALAAM,11,KIGAMBONI,17,KIBADA,17109,SOKONI,
DAR-ES-SALAAM,11,KIGAMBONI,17,KIBADA,17109,KIZIZA,
DAR-ES-SALAAM,11,KIGAMBONI,17,KIBADA,17109,UVUMBA,
DAR-ES-SALAAM,11,KIGAMBONI,17,KIBADA,17109,KIFURUKWE,
